Survived,Pclass,Sex,Age,SibSp,Parch,Fare,Master,Miss,Cabin_A,Cabin_B,Cabin_C,Cabin_D,Cabin_E,Cabin_F,Cabin_G,Cabin_T,Emb_C,Emb_Q,Emb_S,Fare_round
0,3,0,22.0,1,0,7.25,0,0,0,0,0,0,0,0,0,0,0,0,1,7.0
1,1,1,38.0,1,0,71.2833,0,0,0,0,1,0,0,0,0,0,1,0,0,71.0
1,3,1,26.0,0,0,7.925,0,1,0,0,0,0,0,0,0,0,0,0,1,8.0
1,1,1,35.0,1,0,53.1,0,0,0,0,1,0,0,0,0,0,0,0,1,53.0
0,3,0,35.0,0,0,8.05,0,0,0,0,0,0,0,0,0,0,0,0,1,8.0
0,3,0,35.57316393204183,0,0,8.4583,0,0,0,0,0,0,0,0,0,0,0,1,0,8.0
0,1,0,54.0,0,0,51.8625,0,0,0,0,0,0,1,0,0,0,0,0,1,52.0
0,3,0,2.0,3,1,21.075,1,0,0,0,0,0,0,0,0,0,0,0,1,21.0
1,3,1,27.0,0,2,11.1333,0,0,0,0,0,0,0,0,0,0,0,0,1,11.0
1,2,1,14.0,1,0,30.0708,0,0,0,0,0,0,0,0,0,0,1,0,0,30.0
1,3,1,4.0,1,1,16.7,0,1,0,0,0,0,0,0,1,0,0,0,1,17.0
1,1,1,58.0,0,0,26.55,0,1,0,0,1,0,0,0,0,0,0,0,1,27.0
0,3,0,20.0,0,0,8.05,0,0,0,0,0,0,0,0,0,0,0,0,1,8.0
0,3,0,39.0,1,5,31.275,0,0,0,0,0,0,0,0,0,0,0,0,1,31.0
0,3,1,14.0,0,0,7.8542,0,1,0,0,0,0,0,0,0,0,0,0,1,8.0
1,2,1,55.0,0,0,16.0,0,0,0,0,0,0,0,0,0,0,0,0,1,16.0
0,3,0,2.0,4,1,29.125,1,0,0,0,0,0,0,0,0,0,0,1,0,29.0
1,2,0,31.971714589929253,0,0,13.0,0,0,0,0,0,0,0,0,0,0,0,0,1,13.0
0,3,1,31.0,1,0,18.0,0,0,0,0,0,0,0,0,0,0,0,0,1,18.0
1,3,1,28.105987042271757,0,0,7.225,0,0,0,0,0,0,0,0,0,0,1,0,0,7.0
0,2,0,35.0,0,0,26.0,0,0,0,0,0,0,0,0,0,0,0,0,1,26.0
1,2,0,34.0,0,0,13.0,0,0,0,0,0,1,0,0,0,0,0,0,1,13.0
1,3,1,15.0,0,0,8.0292,0,1,0,0,0,0,0,0,0,0,0,1,0,8.0
1,1,0,28.0,0,0,35.5,0,0,1,0,0,0,0,0,0,0,0,0,1,36.0
0,3,1,8.0,3,1,21.075,0,1,0,0,0,0,0,0,0,0,0,0,1,21.0
1,3,1,38.0,1,5,31.3875,0,0,0,0,0,0,0,0,0,0,0,0,1,31.0
0,3,0,27.895824337215522,0,0,7.225,0,0,0,0,0,0,0,0,0,0,1,0,0,7.0
0,1,0,19.0,3,2,263.0,0,0,0,0,1,0,0,0,0,0,0,0,1,263.0
1,3,1,22.525855102077195,0,0,7.8792,0,1,0,0,0,0,0,0,0,0,0,1,0,8.0
0,3,0,29.952084517899863,0,0,7.8958,0,0,0,0,0,0,0,0,0,0,0,0,1,8.0
0,1,0,40.0,0,0,27.7208,0,0,0,0,0,0,0,0,0,0,1,0,0,28.0
1,1,1,37.3725577954187,1,0,146.5208,0,0,0,1,0,0,0,0,0,0,1,0,0,147.0
1,3,1,22.525820723503145,0,0,7.75,0,1,0,0,0,0,0,0,0,0,0,1,0,8.0
0,2,0,66.0,0,0,10.5,0,0,0,0,0,0,0,0,0,0,0,0,1,10.0
0,1,0,28.0,1,0,82.1708,0,0,0,0,0,0,0,0,0,0,1,0,0,82.0
0,1,0,42.0,1,0,52.0,0,0,0,0,0,0,0,0,0,0,0,0,1,52.0
1,3,0,23.720639316542595,0,0,7.2292,0,0,0,0,0,0,0,0,0,0,1,0,0,7.0
0,3,0,21.0,0,0,8.05,0,0,0,0,0,0,0,0,0,0,0,0,1,8.0
0,3,1,18.0,2,0,18.0,0,1,0,0,0,0,0,0,0,0,0,0,1,18.0
1,3,1,14.0,1,0,11.2417,0,1,0,0,0,0,0,0,0,0,1,0,0,11.0
0,3,1,40.0,1,0,9.475,0,0,0,0,0,0,0,0,0,0,0,0,1,9.0
0,2,1,27.0,1,0,21.0,0,0,0,0,0,0,0,0,0,0,0,0,1,21.0
0,3,0,27.896002829069026,0,0,7.8958,0,0,0,0,0,0,0,0,0,0,1,0,0,8.0
1,2,1,3.0,1,2,41.5792,0,1,0,0,0,0,0,0,0,0,1,0,0,42.0
1,3,1,19.0,0,0,7.8792,0,1,0,0,0,0,0,0,0,0,0,1,0,8.0
0,3,0,29.952125548674772,0,0,8.05,0,0,0,0,0,0,0,0,0,0,0,0,1,8.0
0,3,0,33.32442028263804,1,0,15.5,0,0,0,0,0,0,0,0,0,0,0,1,0,16.0
1,3,1,22.525820723503145,0,0,7.75,0,1,0,0,0,0,0,0,0,0,0,1,0,8.0
0,3,0,23.3984357038511,2,0,21.6792,0,0,0,0,0,0,0,0,0,0,1,0,0,22.0
0,3,1,18.0,1,0,17.8,0,0,0,0,0,0,0,0,0,0,0,0,1,18.0
0,3,0,7.0,4,1,39.6875,1,0,0,0,0,0,0,0,0,0,0,0,1,40.0
0,3,0,21.0,0,0,7.8,0,0,0,0,0,0,0,0,0,0,0,0,1,8.0
1,1,1,49.0,1,0,76.7292,0,0,0,0,0,1,0,0,0,0,1,0,0,77.0
1,2,1,29.0,1,0,26.0,0,0,0,0,0,0,0,0,0,0,0,0,1,26.0
0,1,0,65.0,0,1,61.9792,0,0,0,1,0,0,0,0,0,0,1,0,0,62.0
1,1,0,38.046669712001616,0,0,35.5,0,0,0,0,1,0,0,0,0,0,0,0,1,36.0
1,2,1,21.0,0,0,10.5,0,1,0,0,0,0,0,0,0,0,0,0,1,10.0
0,3,0,28.5,0,0,7.2292,0,0,0,0,0,0,0,0,0,0,1,0,0,7.0
1,2,1,5.0,1,2,27.75,0,1,0,0,0,0,0,0,0,0,0,0,1,28.0
0,3,0,11.0,5,2,46.9,1,0,0,0,0,0,0,0,0,0,0,0,1,47.0
0,3,0,22.0,0,0,7.2292,0,0,0,0,0,0,0,0,0,0,1,0,0,7.0
1,1,1,38.0,0,0,80.0,0,1,0,1,0,0,0,0,0,0,0,0,0,80.0
0,1,0,45.0,1,0,83.475,0,0,0,0,1,0,0,0,0,0,0,0,1,83.0
0,3,0,4.0,3,2,27.9,1,0,0,0,0,0,0,0,0,0,0,0,1,28.0
0,1,0,40.28819411180508,0,0,27.7208,0,0,0,0,0,0,0,0,0,0,1,0,0,28.0
1,3,0,0.6028358367922309,1,1,15.2458,1,0,0,0,0,0,0,0,0,0,1,0,0,15.0
1,2,1,29.0,0,0,10.5,0,0,0,0,0,0,0,1,0,0,0,0,1,10.0
0,3,0,19.0,0,0,8.1583,0,0,0,0,0,0,0,0,0,0,0,0,1,8.0
1,3,1,17.0,4,2,7.925,0,1,0,0,0,0,0,0,0,0,0,0,1,8.0
0,3,0,26.0,2,0,8.6625,0,0,0,0,0,0,0,0,0,0,0,0,1,9.0
0,2,0,32.0,0,0,10.5,0,0,0,0,0,0,0,0,0,0,0,0,1,10.0
0,3,1,16.0,5,2,46.9,0,1,0,0,0,0,0,0,0,0,0,0,1,47.0
0,2,0,21.0,0,0,73.5,0,0,0,0,0,0,0,0,0,0,0,0,1,74.0
0,3,0,26.0,1,0,14.4542,0,0,0,0,0,0,0,0,0,0,1,0,0,14.0
1,3,0,32.0,0,0,56.4958,0,0,0,0,0,0,0,0,0,0,0,0,1,56.0
0,3,0,25.0,0,0,7.65,0,0,0,0,0,0,0,1,0,0,0,0,1,8.0
0,3,0,29.952084517899863,0,0,7.8958,0,0,0,0,0,0,0,0,0,0,0,0,1,8.0
0,3,0,29.952125548674772,0,0,8.05,0,0,0,0,0,0,0,0,0,0,0,0,1,8.0
1,2,0,0.83,0,2,29.0,1,0,0,0,0,0,0,0,0,0,0,0,1,29.0
1,3,1,30.0,0,0,12.475,0,1,0,0,0,0,0,0,0,0,0,0,1,12.0
0,3,0,22.0,0,0,9.0,0,0,0,0,0,0,0,0,0,0,0,0,1,9.0
1,3,0,29.0,0,0,9.5,0,0,0,0,0,0,0,0,0,0,0,0,1,10.0
1,3,1,22.525830701804438,0,0,7.7875,0,1,0,0,0,0,0,0,0,0,0,1,0,8.0
0,1,0,28.0,0,0,47.1,0,0,0,0,0,0,0,0,0,0,0,0,1,47.0
1,2,1,17.0,0,0,10.5,0,1,0,0,0,0,0,0,0,0,0,0,1,10.0
1,3,1,33.0,3,0,15.85,0,0,0,0,0,0,0,0,0,0,0,0,1,16.0
0,3,0,16.0,1,3,34.375,0,0,0,0,0,0,0,0,0,0,0,0,1,34.0
0,3,0,29.952125548674772,0,0,8.05,0,0,0,0,0,0,0,0,0,0,0,0,1,8.0
1,1,1,23.0,3,2,263.0,0,1,0,0,1,0,0,0,0,0,0,0,1,263.0
0,3,0,24.0,0,0,8.05,0,0,0,0,0,0,0,0,0,0,0,0,1,8.0
0,3,0,29.0,0,0,8.05,0,0,0,0,0,0,0,0,0,0,0,0,1,8.0
0,3,0,20.0,0,0,7.8542,0,0,0,0,0,0,0,0,0,0,0,0,1,8.0
0,1,0,46.0,1,0,61.175,0,0,0,0,0,0,1,0,0,0,0,0,1,61.0
0,3,0,26.0,1,2,20.575,0,0,0,0,0,0,0,0,0,0,0,0,1,21.0
0,3,0,59.0,0,0,7.25,0,0,0,0,0,0,0,0,0,0,0,0,1,7.0
0,3,0,29.952125548674772,0,0,8.05,0,0,0,0,0,0,0,0,0,0,0,0,1,8.0
0,1,0,71.0,0,0,34.6542,0,0,1,0,0,0,0,0,0,0,1,0,0,35.0
1,1,0,23.0,0,1,63.3583,0,0,0,0,0,1,0,0,0,0,1,0,0,63.0
1,2,1,34.0,0,1,23.0,0,0,0,0,0,0,0,0,0,0,0,0,1,23.0
0,2,0,34.0,1,0,26.0,0,0,0,0,0,0,0,0,0,0,0,0,1,26.0
0,3,1,28.0,0,0,7.8958,0,1,0,0,0,0,0,0,0,0,0,0,1,8.0
0,3,0,29.952084517899863,0,0,7.8958,0,0,0,0,0,0,0,0,0,0,0,0,1,8.0
0,1,0,21.0,0,1,77.2875,0,0,0,0,0,1,0,0,0,0,0,0,1,77.0
0,3,0,33.0,0,0,8.6542,0,0,0,0,0,0,0,0,0,0,0,0,1,9.0
0,3,0,37.0,2,0,7.925,0,0,0,0,0,0,0,0,0,0,0,0,1,8.0
0,3,0,28.0,0,0,7.8958,0,0,0,0,0,0,0,0,0,0,0,0,1,8.0
1,3,1,21.0,0,0,7.65,0,1,0,0,0,0,0,0,0,0,0,0,1,8.0
1,3,0,25.77686623622263,0,0,7.775,0,0,0,0,0,0,0,0,0,0,0,0,1,8.0
0,3,0,38.0,0,0,7.8958,0,0,0,0,0,0,0,0,0,0,0,0,1,8.0
1,3,1,20.27956720575201,1,0,24.15,0,1,0,0,0,0,0,0,0,0,0,1,0,24.0
0,1,0,47.0,0,0,52.0,0,0,0,0,1,0,0,0,0,0,0,0,1,52.0
0,3,1,14.5,1,0,14.4542,0,1,0,0,0,0,0,0,0,0,1,0,0,14.0
0,3,0,22.0,0,0,8.05,0,0,0,0,0,0,0,0,0,0,0,0,1,8.0
0,3,1,20.0,1,0,9.825,0,1,0,0,0,0,0,0,0,0,0,0,1,10.0
0,3,1,17.0,0,0,14.4583,0,1,0,0,0,0,0,0,0,0,1,0,0,14.0
0,3,0,21.0,0,0,7.925,0,0,0,0,0,0,0,0,0,0,0,0,1,8.0
0,3,0,70.5,0,0,7.75,0,0,0,0,0,0,0,0,0,0,0,1,0,8.0
0,2,0,29.0,1,0,21.0,0,0,0,0,0,0,0,0,0,0,0,0,1,21.0
0,1,0,24.0,0,1,247.5208,0,0,0,1,0,0,0,0,0,0,1,0,0,248.0
0,3,1,2.0,4,2,31.275,0,1,0,0,0,0,0,0,0,0,0,0,1,31.0
0,2,0,21.0,2,0,73.5,0,0,0,0,0,0,0,0,0,0,0,0,1,74.0
0,3,0,29.952125548674772,0,0,8.05,0,0,0,0,0,0,0,0,0,0,0,0,1,8.0
0,2,0,32.5,1,0,30.0708,0,0,0,0,0,0,0,0,0,0,1,0,0,30.0
1,2,1,32.5,0,0,13.0,0,1,0,0,0,0,1,0,0,0,0,0,1,13.0
0,1,0,54.0,0,1,77.2875,0,0,0,0,0,1,0,0,0,0,0,0,1,77.0
1,3,0,12.0,1,0,11.2417,1,0,0,0,0,0,0,0,0,0,1,0,0,11.0
0,3,0,35.57297546188704,0,0,7.75,0,0,0,0,0,0,0,0,0,0,0,1,0,8.0
1,3,0,24.0,0,0,7.1417,0,0,0,0,0,0,0,0,0,0,0,0,1,7.0
1,3,1,8.23529623212007,1,1,22.3583,0,1,0,0,0,0,0,1,0,0,1,0,0,22.0
0,3,0,45.0,0,0,6.975,0,0,0,0,0,0,0,0,0,0,0,0,1,7.0
0,3,0,33.0,0,0,7.8958,0,0,0,0,0,0,0,0,0,0,1,0,0,8.0
0,3,0,20.0,0,0,7.05,0,0,0,0,0,0,0,0,0,0,0,0,1,7.0
0,3,1,47.0,1,0,14.5,0,0,0,0,0,0,0,0,0,0,0,0,1,14.0
1,2,1,29.0,1,0,26.0,0,0,0,0,0,0,0,0,0,0,0,0,1,26.0
0,2,0,25.0,0,0,13.0,0,0,0,0,0,0,0,0,0,0,0,0,1,13.0
0,2,0,23.0,0,0,15.0458,0,0,0,0,0,0,0,0,0,0,1,0,0,15.0
1,1,1,19.0,0,2,26.2833,0,1,0,0,0,1,0,0,0,0,0,0,1,26.0
0,1,0,37.0,1,0,53.1,0,0,0,0,1,0,0,0,0,0,0,0,1,53.0
0,3,0,16.0,0,0,9.2167,0,0,0,0,0,0,0,0,0,0,0,0,1,9.0
0,1,0,24.0,0,0,79.2,0,0,0,1,0,0,0,0,0,0,1,0,0,79.0
0,3,1,31.585390324372668,0,2,15.2458,0,0,0,0,0,0,0,0,0,0,1,0,0,15.0
1,3,1,22.0,0,0,7.75,0,1,0,0,0,0,0,0,0,0,0,0,1,8.0
1,3,1,24.0,1,0,15.85,0,0,0,0,0,0,0,0,0,0,0,0,1,16.0
0,3,0,19.0,0,0,6.75,0,0,0,0,0,0,0,0,0,0,0,1,0,7.0
0,2,0,18.0,0,0,11.5,0,0,0,0,0,0,0,0,0,0,0,0,1,12.0
0,2,0,19.0,1,1,36.75,0,0,0,0,0,0,0,0,0,0,0,0,1,37.0
1,3,0,27.0,0,0,7.7958,0,0,0,0,0,0,0,0,0,0,0,0,1,8.0
0,3,1,9.0,2,2,34.375,0,1,0,0,0,0,0,0,0,0,0,0,1,34.0
0,2,0,36.5,0,2,26.0,0,0,0,0,0,0,0,1,0,0,0,0,1,26.0
0,2,0,42.0,0,0,13.0,0,0,0,0,0,0,0,0,0,0,0,0,1,13.0
0,2,0,51.0,0,0,12.525,0,0,0,0,0,0,0,0,0,0,0,0,1,13.0
1,1,1,22.0,1,0,66.6,0,0,0,0,1,0,0,0,0,0,0,0,1,67.0
0,3,0,55.5,0,0,8.05,0,0,0,0,0,0,0,0,0,0,0,0,1,8.0
0,3,0,40.5,0,2,14.5,0,0,0,0,0,0,0,0,0,0,0,0,1,14.0
0,3,0,29.951929308749378,0,0,7.3125,0,0,0,0,0,0,0,0,0,0,0,0,1,7.0
0,1,0,51.0,0,1,61.3792,0,0,0,0,0,0,0,0,0,0,1,0,0,61.0
1,3,1,16.0,0,0,7.7333,0,1,0,0,0,0,0,0,0,0,0,1,0,8.0
0,3,0,30.0,0,0,8.05,0,0,0,0,0,0,0,0,0,0,0,0,1,8.0
0,3,0,29.95228852759586,0,0,8.6625,0,0,0,0,0,0,0,0,0,0,0,0,1,9.0
0,3,0,-9.254726716429992,8,2,69.55,1,0,0,0,0,0,0,0,0,0,0,0,1,70.0
0,3,0,44.0,0,1,16.1,0,0,0,0,0,0,0,0,0,0,0,0,1,16.0
1,2,1,40.0,0,0,15.75,0,0,0,0,0,0,0,0,0,0,0,0,1,16.0
0,3,0,26.0,0,0,7.775,0,0,0,0,0,0,0,0,0,0,0,0,1,8.0
0,3,0,17.0,0,0,8.6625,0,0,0,0,0,0,0,0,0,0,0,0,1,9.0
0,3,0,1.0,4,1,39.6875,1,0,0,0,0,0,0,0,0,0,0,0,1,40.0
1,3,0,9.0,0,2,20.525,1,0,0,0,0,0,0,0,0,0,0,0,1,21.0
1,1,1,45.974521879598676,0,1,55.0,0,0,0,0,0,0,1,0,0,0,0,0,1,55.0
0,3,1,45.0,1,4,27.9,0,0,0,0,0,0,0,0,0,0,0,0,1,28.0
0,1,0,42.34379795974369,0,0,25.925,0,0,0,0,0,0,0,0,0,0,0,0,1,26.0
0,3,0,28.0,0,0,56.4958,0,0,0,0,0,0,0,0,0,0,0,0,1,56.0
0,1,0,61.0,0,0,33.5,0,0,0,1,0,0,0,0,0,0,0,0,1,34.0
0,3,0,4.0,4,1,29.125,1,0,0,0,0,0,0,0,0,0,0,1,0,29.0
1,3,1,1.0,1,1,11.1333,0,1,0,0,0,0,0,0,0,0,0,0,1,11.0
0,3,0,21.0,0,0,7.925,0,0,0,0,0,0,0,0,0,0,0,0,1,8.0
0,1,0,56.0,0,0,30.6958,0,0,1,0,0,0,0,0,0,0,1,0,0,31.0
0,3,0,18.0,1,1,7.8542,0,0,0,0,0,0,0,0,0,0,0,0,1,8.0
0,3,0,2.3355886000251473,3,1,25.4667,1,0,0,0,0,0,0,0,0,0,0,0,1,25.0
0,1,1,50.0,0,0,28.7125,0,1,0,0,1,0,0,0,0,0,1,0,0,29.0
0,2,0,30.0,0,0,13.0,0,0,0,0,0,0,0,0,0,0,0,0,1,13.0
0,3,0,36.0,0,0,0.0,0,0,0,0,0,0,0,0,0,0,0,0,1,0.0
0,3,1,2.3936653754759405,8,2,69.55,0,1,0,0,0,0,0,0,0,0,0,0,1,70.0
0,2,0,34.09136451981167,0,0,15.05,0,0,0,0,0,0,0,0,0,0,1,0,0,15.0
0,3,0,9.0,4,2,31.3875,1,0,0,0,0,0,0,0,0,0,0,0,1,31.0
1,2,0,1.0,2,1,39.0,1,0,0,0,0,0,0,1,0,0,0,0,1,39.0
1,3,1,4.0,0,2,22.025,0,1,0,0,0,0,0,0,0,0,0,0,1,22.0
0,1,0,50.24904990946779,0,0,50.0,0,0,1,0,0,0,0,0,0,0,0,0,1,50.0
1,3,1,33.53458298769427,1,0,15.5,0,0,0,0,0,0,0,0,0,0,0,1,0,16.0
1,1,0,45.0,0,0,26.55,0,0,0,0,0,0,0,0,0,0,0,0,1,27.0
0,3,0,40.0,1,1,15.5,0,0,0,0,0,0,0,0,0,0,0,1,0,16.0
0,3,0,36.0,0,0,7.8958,0,0,0,0,0,0,0,0,0,0,0,0,1,8.0
1,2,1,32.0,0,0,13.0,0,0,0,0,0,0,0,0,0,0,0,0,1,13.0
0,2,0,19.0,0,0,13.0,0,0,0,0,0,0,0,0,0,0,0,0,1,13.0
1,3,1,19.0,1,0,7.8542,0,1,0,0,0,0,0,0,0,0,0,0,1,8.0
1,2,0,3.0,1,1,26.0,1,0,0,0,0,0,0,1,0,0,0,0,1,26.0
1,1,1,44.0,0,0,27.7208,0,0,0,1,0,0,0,0,0,0,1,0,0,28.0
1,1,1,58.0,0,0,146.5208,0,1,0,1,0,0,0,0,0,0,1,0,0,147.0
0,3,0,35.57297546188704,0,0,7.75,0,0,0,0,0,0,0,0,0,0,0,1,0,8.0
0,3,0,42.0,0,1,8.4042,0,0,0,0,0,0,0,0,0,0,0,0,1,8.0
1,3,1,22.525820723503145,0,0,7.75,0,1,0,0,0,0,0,0,0,0,0,1,0,8.0
0,2,1,24.0,0,0,13.0,0,1,0,0,0,0,0,0,0,0,0,0,1,13.0
0,3,0,28.0,0,0,9.5,0,0,0,0,0,0,0,0,0,0,0,0,1,10.0
0,3,0,11.26563397561717,8,2,69.55,0,0,0,0,0,0,0,0,0,0,0,0,1,70.0
0,3,0,34.0,0,0,6.4958,0,0,0,0,0,0,0,0,0,0,0,0,1,6.0
0,3,0,45.5,0,0,7.225,0,0,0,0,0,0,0,0,0,0,1,0,0,7.0
1,3,0,18.0,0,0,8.05,0,0,0,0,0,0,0,0,0,0,0,0,1,8.0
0,3,1,2.0,0,1,10.4625,0,1,0,0,0,0,0,0,1,0,0,0,1,10.0
0,3,0,32.0,1,0,15.85,0,0,0,0,0,0,0,0,0,0,0,0,1,16.0
1,3,0,26.0,0,0,18.7875,0,0,0,0,0,0,0,0,0,0,1,0,0,19.0
1,3,1,16.0,0,0,7.75,0,1,0,0,0,0,0,0,0,0,0,1,0,8.0
1,1,0,40.0,0,0,31.0,0,0,1,0,0,0,0,0,0,0,1,0,0,31.0
0,3,0,24.0,0,0,7.05,0,0,0,0,0,0,0,0,0,0,0,0,1,7.0
1,2,1,35.0,0,0,21.0,0,1,0,0,0,0,0,0,0,0,0,0,1,21.0
0,3,0,22.0,0,0,7.25,0,0,0,0,0,0,0,0,0,0,0,0,1,7.0
0,2,0,30.0,0,0,13.0,0,0,0,0,0,0,0,0,0,0,0,0,1,13.0
0,3,0,33.32235810037116,1,0,7.75,0,0,0,0,0,0,0,0,0,0,0,1,0,8.0
1,1,1,31.0,1,0,113.275,0,1,0,0,0,1,0,0,0,0,1,0,0,113.0
1,3,1,27.0,0,0,7.925,0,1,0,0,0,0,0,0,0,0,0,0,1,8.0
0,2,0,42.0,1,0,27.0,0,0,0,0,0,0,0,0,0,0,0,0,1,27.0
1,1,1,32.0,0,0,76.2917,0,1,0,0,0,1,0,0,0,0,1,0,0,76.0
0,2,0,30.0,0,0,10.5,0,0,0,0,0,0,0,0,0,0,0,0,1,10.0
1,3,0,16.0,0,0,8.05,0,0,0,0,0,0,0,0,0,0,0,0,1,8.0
0,2,0,27.0,0,0,13.0,0,0,0,0,0,0,0,0,0,0,0,0,1,13.0
0,3,0,51.0,0,0,8.05,0,0,0,0,0,0,0,0,0,0,0,0,1,8.0
0,3,0,29.952084517899863,0,0,7.8958,0,0,0,0,0,0,0,0,0,0,0,0,1,8.0
1,1,0,38.0,1,0,90.0,0,0,0,0,1,0,0,0,0,0,0,0,1,90.0
0,3,0,22.0,0,0,9.35,0,0,0,0,0,0,0,0,0,0,0,0,1,9.0
1,2,0,19.0,0,0,10.5,0,0,0,0,0,0,0,0,0,0,0,0,1,10.0
0,3,0,20.5,0,0,7.25,0,0,0,0,0,0,0,0,0,0,0,0,1,7.0
0,2,0,18.0,0,0,13.0,0,0,0,0,0,0,0,0,0,0,0,0,1,13.0
0,3,1,13.983980691931087,3,1,25.4667,0,1,0,0,0,0,0,0,0,0,0,0,1,25.0
1,1,1,35.0,1,0,83.475,0,0,0,0,1,0,0,0,0,0,0,0,1,83.0
0,3,0,29.0,0,0,7.775,0,0,0,0,0,0,0,0,0,0,0,0,1,8.0
0,2,0,59.0,0,0,13.5,0,0,0,0,0,0,0,0,0,0,0,0,1,14.0
1,3,1,5.0,4,2,31.3875,0,1,0,0,0,0,0,0,0,0,0,0,1,31.0
0,2,0,24.0,0,0,10.5,0,0,0,0,0,0,0,0,0,0,0,0,1,10.0
0,3,1,21.08002390451633,0,0,7.55,0,1,0,0,0,0,0,0,0,0,0,0,1,8.0
0,2,0,44.0,1,0,26.0,0,0,0,0,0,0,0,0,0,0,0,0,1,26.0
1,2,1,8.0,0,2,26.25,0,1,0,0,0,0,0,0,0,0,0,0,1,26.0
0,2,0,19.0,0,0,10.5,0,0,0,0,0,0,0,0,0,0,0,0,1,10.0
0,2,0,33.0,0,0,12.275,0,0,0,0,0,0,0,0,0,0,0,0,1,12.0
0,3,1,16.77516197917695,1,0,14.4542,0,1,0,0,0,0,0,0,0,0,1,0,0,14.0
1,3,1,20.277265544254142,1,0,15.5,0,1,0,0,0,0,0,0,0,0,0,1,0,16.0
0,2,0,29.0,0,0,10.5,0,0,0,0,0,0,0,0,0,0,0,0,1,10.0
0,3,0,22.0,0,0,7.125,0,0,0,0,0,0,0,0,0,0,0,0,1,7.0
0,3,0,30.0,0,0,7.225,0,0,0,0,0,0,0,0,0,0,1,0,0,7.0
0,1,0,44.0,2,0,90.0,0,0,0,0,1,0,0,0,0,0,0,1,0,90.0
0,3,1,25.0,0,0,7.775,0,1,0,0,0,0,0,0,0,0,0,0,1,8.0
1,2,1,24.0,0,2,14.5,0,0,0,0,0,0,0,0,0,0,0,0,1,14.0
1,1,0,37.0,1,1,52.5542,0,0,0,0,0,1,0,0,0,0,0,0,1,53.0
0,2,0,54.0,1,0,26.0,0,0,0,0,0,0,0,0,0,0,0,0,1,26.0
0,3,0,29.95191267824722,0,0,7.25,0,0,0,0,0,0,0,0,0,0,0,0,1,7.0
0,3,1,29.0,1,1,10.4625,0,0,0,0,0,0,0,0,1,0,0,0,1,10.0
0,1,0,62.0,0,0,26.55,0,0,0,0,1,0,0,0,0,0,0,0,1,27.0
0,3,0,30.0,1,0,16.1,0,0,0,0,0,0,0,0,0,0,0,0,1,16.0
0,3,1,41.0,0,2,20.2125,0,0,0,0,0,0,0,0,0,0,0,0,1,20.0
1,3,1,29.0,0,2,15.2458,0,0,0,0,0,0,0,0,0,0,1,0,0,15.0
1,1,1,40.51205481600361,0,0,79.2,0,0,0,0,0,0,0,0,0,0,1,0,0,79.0
1,1,1,30.0,0,0,86.5,0,1,0,1,0,0,0,0,0,0,0,0,1,86.0
1,1,1,35.0,0,0,512.3292,0,1,0,0,0,0,0,0,0,0,1,0,0,512.0
1,2,1,50.0,0,1,26.0,0,0,0,0,0,0,0,0,0,0,0,0,1,26.0
0,3,0,35.57297546188704,0,0,7.75,0,0,0,0,0,0,0,0,0,0,0,1,0,8.0
1,3,0,3.0,4,2,31.3875,1,0,0,0,0,0,0,0,0,0,0,0,1,31.0
0,1,0,52.0,1,1,79.65,0,0,0,0,0,0,1,0,0,0,0,0,1,80.0
0,1,0,40.0,0,0,0.0,0,0,0,1,0,0,0,0,0,0,0,0,1,0.0
0,3,1,26.70100686174581,0,0,7.75,0,1,0,0,0,0,0,0,0,0,0,1,0,8.0
0,2,0,36.0,0,0,10.5,0,0,0,0,0,0,0,0,0,0,0,0,1,10.0
0,3,0,16.0,4,1,39.6875,0,0,0,0,0,0,0,0,0,0,0,0,1,40.0
1,3,0,25.0,1,0,7.775,0,0,0,0,0,0,0,0,0,0,0,0,1,8.0
1,1,1,58.0,0,1,153.4625,0,0,0,0,1,0,0,0,0,0,0,0,1,153.0
1,1,1,35.0,0,0,135.6333,0,1,0,0,1,0,0,0,0,0,0,0,1,136.0
0,1,0,42.34514835651845,0,0,31.0,0,0,0,0,0,0,0,0,0,0,0,0,1,31.0
1,3,0,25.0,0,0,0.0,0,0,0,0,0,0,0,0,0,0,0,0,1,0.0
1,2,1,41.0,0,1,19.5,0,0,0,0,0,0,0,0,0,0,0,0,1,20.0
0,1,0,37.0,0,1,29.7,0,0,0,0,1,0,0,0,0,0,1,0,0,30.0
1,3,1,22.525820723503145,0,0,7.75,0,1,0,0,0,0,0,0,0,0,0,1,0,8.0
1,1,1,63.0,1,0,77.9583,0,1,0,0,0,1,0,0,0,0,0,0,1,78.0
0,3,1,45.0,0,0,7.75,0,1,0,0,0,0,0,0,0,0,0,0,1,8.0
0,2,0,36.14344158372426,0,0,0.0,0,0,0,0,0,0,0,0,0,0,0,0,1,0.0
0,3,0,7.0,4,1,29.125,1,0,0,0,0,0,0,0,0,0,0,1,0,29.0
1,3,1,35.0,1,1,20.25,0,0,0,0,0,0,0,0,0,0,0,0,1,20.0
0,3,0,65.0,0,0,7.75,0,0,0,0,0,0,0,0,0,0,0,1,0,8.0
0,3,0,28.0,0,0,7.8542,0,0,0,0,0,0,0,0,0,0,0,0,1,8.0
0,3,0,16.0,0,0,9.5,0,0,0,0,0,0,0,0,0,0,0,0,1,10.0
1,3,0,19.0,0,0,8.05,0,0,0,0,0,0,0,0,0,0,0,0,1,8.0
0,1,0,50.24266379664135,0,0,26.0,0,0,1,0,0,0,0,0,0,0,0,0,1,26.0
0,3,0,33.0,0,0,8.6625,0,0,0,0,0,0,0,0,0,0,1,0,0,9.0
1,3,0,30.0,0,0,9.5,0,0,0,0,0,0,0,0,0,0,0,0,1,10.0
0,3,0,22.0,0,0,7.8958,0,0,0,0,0,0,0,0,0,0,0,0,1,8.0
1,2,0,42.0,0,0,13.0,0,0,0,0,0,0,0,0,0,0,0,0,1,13.0
1,3,1,22.0,0,0,7.75,0,1,0,0,0,0,0,0,0,0,0,1,0,8.0
1,1,1,26.0,0,0,78.85,0,1,0,0,0,0,0,0,0,0,0,0,1,79.0
1,1,1,19.0,1,0,91.0792,0,0,0,1,0,0,0,0,0,0,1,0,0,91.0
0,2,0,36.0,0,0,12.875,0,0,0,0,0,1,0,0,0,0,1,0,0,13.0
0,3,1,24.0,0,0,8.85,0,1,0,0,0,0,0,0,0,0,0,0,1,9.0
0,3,0,24.0,0,0,7.8958,0,0,0,0,0,0,0,0,0,0,0,0,1,8.0
0,1,0,40.28819411180508,0,0,27.7208,0,0,0,0,0,0,0,0,0,0,1,0,0,28.0
0,3,0,23.5,0,0,7.2292,0,0,0,0,0,0,0,0,0,0,1,0,0,7.0
0,1,1,2.0,1,2,151.55,0,1,0,0,1,0,0,0,0,0,0,0,1,152.0
1,1,0,38.04533927182945,0,0,30.5,0,0,0,0,1,0,0,0,0,0,0,0,1,30.0
1,1,1,50.0,0,1,247.5208,0,0,0,1,0,0,0,0,0,0,1,0,0,248.0
1,3,1,22.525820723503145,0,0,7.75,0,1,0,0,0,0,0,0,0,0,0,1,0,8.0
1,3,0,26.900678965146362,2,0,23.25,0,0,0,0,0,0,0,0,0,0,0,1,0,23.0
0,3,0,19.0,0,0,0.0,0,0,0,0,0,0,0,0,0,0,0,0,1,0.0
1,2,1,32.48228602490997,0,0,12.35,0,1,0,0,0,0,1,0,0,0,0,1,0,12.0
0,3,0,29.952125548674772,0,0,8.05,0,0,0,0,0,0,0,0,0,0,0,0,1,8.0
1,1,0,0.92,1,2,151.55,1,0,0,0,1,0,0,0,0,0,0,0,1,152.0
1,1,1,27.2631679195849,0,0,110.8833,0,1,0,0,0,0,0,0,0,0,1,0,0,111.0
1,1,1,17.0,1,0,108.9,0,0,0,0,1,0,0,0,0,0,1,0,0,109.0
0,2,0,30.0,1,0,24.0,0,0,0,0,0,0,0,0,0,0,1,0,0,24.0
1,1,1,30.0,0,0,56.9292,0,1,0,0,0,0,1,0,0,0,1,0,0,57.0
1,1,1,24.0,0,0,83.1583,0,1,0,0,1,0,0,0,0,0,1,0,0,83.0
1,1,1,18.0,2,2,262.375,0,1,0,1,0,0,0,0,0,0,1,0,0,262.0
0,2,1,26.0,1,1,26.0,0,0,0,0,0,0,0,0,0,0,0,0,1,26.0
0,3,0,28.0,0,0,7.8958,0,0,0,0,0,0,0,0,0,0,0,0,1,8.0
0,2,0,43.0,1,1,26.25,0,0,0,0,0,0,0,0,0,0,0,0,1,26.0
1,3,1,26.0,0,0,7.8542,0,1,0,0,0,0,0,0,0,0,0,0,1,8.0
1,2,1,24.0,1,0,26.0,0,0,0,0,0,0,0,0,0,0,0,0,1,26.0
0,2,0,54.0,0,0,14.0,0,0,0,0,0,0,0,0,0,0,0,0,1,14.0
1,1,1,31.0,0,2,164.8667,0,1,0,0,1,0,0,0,0,0,0,0,1,165.0
1,1,1,40.0,1,1,134.5,0,0,0,0,0,0,1,0,0,0,1,0,0,134.0
0,3,0,22.0,0,0,7.25,0,0,0,0,0,0,0,0,0,0,0,0,1,7.0
0,3,0,27.0,0,0,7.8958,0,0,0,0,0,0,0,0,0,0,0,0,1,8.0
1,2,1,30.0,0,0,12.35,0,1,0,0,0,0,0,0,0,0,0,1,0,12.0
1,2,1,22.0,1,1,29.0,0,0,0,0,0,0,0,0,0,0,0,0,1,29.0
0,3,0,11.26563397561717,8,2,69.55,0,0,0,0,0,0,0,0,0,0,0,0,1,70.0
1,1,1,36.0,0,0,135.6333,0,1,0,0,1,0,0,0,0,0,1,0,0,136.0
0,3,0,61.0,0,0,6.2375,0,0,0,0,0,0,0,0,0,0,0,0,1,6.0
1,2,1,36.0,0,0,13.0,0,0,0,0,0,1,0,0,0,0,0,0,1,13.0
1,3,1,31.0,1,1,20.525,0,0,0,0,0,0,0,0,0,0,0,0,1,21.0
1,1,1,16.0,0,1,57.9792,0,1,0,1,0,0,0,0,0,0,1,0,0,58.0
1,3,1,18.02871036500514,2,0,23.25,0,1,0,0,0,0,0,0,0,0,0,1,0,23.0
0,1,0,45.5,0,0,28.5,0,0,0,0,1,0,0,0,0,0,0,0,1,28.0
0,1,0,38.0,0,1,153.4625,0,0,0,0,1,0,0,0,0,0,0,0,1,153.0
0,3,0,16.0,2,0,18.0,0,0,0,0,0,0,0,0,0,0,0,0,1,18.0
1,1,1,40.33200763679357,1,0,133.65,0,0,0,0,0,0,0,0,0,0,0,0,1,134.0
0,3,0,29.952084517899863,0,0,7.8958,0,0,0,0,0,0,0,0,0,0,0,0,1,8.0
0,1,0,29.0,1,0,66.6,0,0,0,0,1,0,0,0,0,0,0,0,1,67.0
1,1,1,41.0,0,0,134.5,0,1,0,0,0,0,1,0,0,0,1,0,0,134.0
1,3,0,45.0,0,0,8.05,0,0,0,0,0,0,0,0,0,0,0,0,1,8.0
0,1,0,45.0,0,0,35.5,0,0,0,0,0,0,0,0,0,1,0,0,1,36.0
1,2,0,2.0,1,1,26.0,1,0,0,0,0,0,0,1,0,0,0,0,1,26.0
1,1,1,24.0,3,2,263.0,0,1,0,0,1,0,0,0,0,0,0,0,1,263.0
0,2,0,28.0,0,0,13.0,0,0,0,0,0,0,0,0,0,0,0,0,1,13.0
0,2,0,25.0,0,0,13.0,0,0,0,0,0,0,0,0,0,0,0,0,1,13.0
0,2,0,36.0,0,0,13.0,0,0,0,0,0,0,0,0,0,0,0,0,1,13.0
1,2,1,24.0,0,0,13.0,0,1,0,0,0,0,0,1,0,0,0,0,1,13.0
1,2,1,40.0,0,0,13.0,0,1,0,0,0,0,0,0,0,0,0,0,1,13.0
1,3,1,27.91381290089233,1,0,16.1,0,0,0,0,0,0,0,0,0,0,0,0,1,16.0
1,3,0,3.0,1,1,15.9,1,0,0,0,0,0,0,0,0,0,0,0,1,16.0
0,3,0,42.0,0,0,8.6625,0,0,0,0,0,0,0,0,0,0,0,0,1,9.0
0,3,0,23.0,0,0,9.225,0,0,0,0,0,0,0,0,0,0,0,0,1,9.0
0,1,0,42.22172280622707,0,0,35.0,0,0,0,0,1,0,0,0,0,0,0,0,1,35.0
0,3,0,15.0,1,1,7.2292,0,0,0,0,0,0,0,0,0,0,1,0,0,7.0
0,3,0,25.0,1,0,17.8,0,0,0,0,0,0,0,0,0,0,0,0,1,18.0
0,3,0,27.895824337215522,0,0,7.225,0,0,0,0,0,0,0,0,0,0,1,0,0,7.0
0,3,0,28.0,0,0,9.5,0,0,0,0,0,0,0,0,0,0,0,0,1,10.0
1,1,1,22.0,0,1,55.0,0,1,0,0,0,0,1,0,0,0,0,0,1,55.0
0,2,1,38.0,0,0,13.0,0,1,0,0,0,0,0,0,0,0,0,0,1,13.0
1,3,1,22.525855102077195,0,0,7.8792,0,1,0,0,0,0,0,0,0,0,0,1,0,8.0
1,3,1,22.525855102077195,0,0,7.8792,0,1,0,0,0,0,0,0,0,0,0,1,0,8.0
0,3,0,40.0,1,4,27.9,0,0,0,0,0,0,0,0,0,0,0,0,1,28.0
0,2,0,29.0,1,0,27.7208,0,0,0,0,0,0,0,0,0,0,1,0,0,28.0
0,3,1,45.0,0,1,14.4542,0,0,0,0,0,0,0,0,0,0,1,0,0,14.0
0,3,0,35.0,0,0,7.05,0,0,0,0,0,0,0,0,0,0,0,0,1,7.0
0,3,0,33.32442028263804,1,0,15.5,0,0,0,0,0,0,0,0,0,0,0,1,0,16.0
0,3,0,30.0,0,0,7.25,0,0,0,0,0,0,0,0,0,0,0,0,1,7.0
1,1,1,60.0,1,0,75.25,0,0,0,0,0,1,0,0,0,0,1,0,0,75.0
1,3,1,28.105988159841495,0,0,7.2292,0,0,0,0,0,0,0,0,0,0,1,0,0,7.0
1,3,1,22.525820723503145,0,0,7.75,0,1,0,0,0,0,0,0,0,0,0,1,0,8.0
1,1,1,24.0,0,0,69.3,0,0,0,1,0,0,0,0,0,0,1,0,0,69.0
1,1,0,25.0,1,0,55.4417,0,0,0,0,0,0,1,0,0,0,1,0,0,55.0
0,3,0,18.0,1,0,6.4958,0,0,0,0,0,0,0,0,0,0,0,0,1,6.0
0,3,0,19.0,0,0,8.05,0,0,0,0,0,0,0,0,0,0,0,0,1,8.0
0,1,0,22.0,0,0,135.6333,0,0,0,0,0,0,0,0,0,0,1,0,0,136.0
0,3,1,3.0,3,1,21.075,0,1,0,0,0,0,0,0,0,0,0,0,1,21.0
1,1,1,38.26222794882044,1,0,82.1708,0,0,0,0,0,0,0,0,0,0,1,0,0,82.0
1,3,1,22.0,0,0,7.25,0,1,0,0,0,0,0,0,0,0,0,0,1,7.0
0,1,0,27.0,0,2,211.5,0,0,0,0,1,0,0,0,0,0,1,0,0,212.0
0,3,0,20.0,0,0,4.0125,0,0,0,0,0,0,0,0,0,0,1,0,0,4.0
0,3,0,19.0,0,0,7.775,0,0,0,0,0,0,0,0,0,0,0,0,1,8.0
1,1,1,42.0,0,0,227.525,0,1,0,0,0,0,0,0,0,0,1,0,0,228.0
1,3,1,1.0,0,2,15.7417,0,1,0,0,0,0,0,0,0,0,1,0,0,16.0
0,3,0,32.0,0,0,7.925,0,0,0,0,0,0,0,0,0,0,0,0,1,8.0
1,1,1,35.0,1,0,52.0,0,0,0,0,0,0,0,0,0,0,0,0,1,52.0
0,3,0,29.952084517899863,0,0,7.8958,0,0,0,0,0,0,0,0,0,0,0,0,1,8.0
0,2,0,18.0,0,0,73.5,0,0,0,0,0,0,0,0,0,0,0,0,1,74.0
0,3,0,1.0,5,2,46.9,1,0,0,0,0,0,0,0,0,0,0,0,1,47.0
1,2,1,36.0,0,0,13.0,0,1,0,0,0,0,0,0,0,0,0,0,1,13.0
0,3,0,35.572969927255926,0,0,7.7292,0,0,0,0,0,0,0,0,0,0,0,1,0,8.0
1,2,1,17.0,0,0,12.0,0,1,0,0,0,0,0,0,0,0,1,0,0,12.0
1,1,0,36.0,1,2,120.0,0,0,0,1,0,0,0,0,0,0,0,0,1,120.0
1,3,0,21.0,0,0,7.7958,0,0,0,0,0,0,0,0,0,0,0,0,1,8.0
0,3,0,28.0,2,0,7.925,0,0,0,0,0,0,0,0,0,0,0,0,1,8.0
1,1,1,23.0,1,0,113.275,0,1,0,0,0,1,0,0,0,0,1,0,0,113.0
1,3,1,24.0,0,2,16.7,0,0,0,0,0,0,0,0,1,0,0,0,1,17.0
0,3,0,22.0,0,0,7.7958,0,0,0,0,0,0,0,0,0,0,0,0,1,8.0
0,3,1,31.0,0,0,7.8542,0,1,0,0,0,0,0,0,0,0,0,0,1,8.0
0,2,0,46.0,0,0,26.0,0,0,0,0,0,0,0,0,0,0,0,0,1,26.0
0,2,0,23.0,0,0,10.5,0,0,0,0,0,0,0,0,0,0,0,0,1,10.0
1,2,1,28.0,0,0,12.65,0,0,0,0,0,0,0,0,0,0,0,0,1,13.0
1,3,0,39.0,0,0,7.925,0,0,0,0,0,0,0,0,0,0,0,0,1,8.0
0,3,0,26.0,0,0,8.05,0,0,0,0,0,0,0,0,0,0,0,0,1,8.0
0,3,1,21.0,1,0,9.825,0,1,0,0,0,0,0,0,0,0,0,0,1,10.0
0,3,0,28.0,1,0,15.85,0,0,0,0,0,0,0,0,0,0,0,0,1,16.0
0,3,1,20.0,0,0,8.6625,0,1,0,0,0,0,0,0,0,0,0,0,1,9.0
0,2,0,34.0,1,0,21.0,0,0,0,0,0,0,0,0,0,0,0,0,1,21.0
0,3,0,51.0,0,0,7.75,0,0,0,0,0,0,0,0,0,0,0,0,1,8.0
1,2,0,3.0,1,1,18.75,1,0,0,0,0,0,0,0,0,0,0,0,1,19.0
0,3,0,21.0,0,0,7.775,0,0,0,0,0,0,0,0,0,0,0,0,1,8.0
0,3,1,13.983980691931087,3,1,25.4667,0,1,0,0,0,0,0,0,0,0,0,0,1,25.0
0,3,0,29.952084517899863,0,0,7.8958,0,0,0,0,0,0,0,0,0,0,0,0,1,8.0
0,3,0,35.57273819118674,0,0,6.8583,0,0,0,0,0,0,0,0,0,0,0,1,0,7.0
1,1,1,33.0,1,0,90.0,0,1,0,0,1,0,0,0,0,0,0,1,0,90.0
0,2,0,36.14344158372426,0,0,0.0,0,0,0,0,0,0,0,0,0,0,0,0,1,0.0
1,3,0,44.0,0,0,7.925,0,0,0,0,0,0,0,0,0,0,0,0,1,8.0
0,3,1,34.33747439197367,0,0,8.05,0,0,0,0,0,0,0,0,0,0,0,0,1,8.0
1,2,1,34.0,1,1,32.5,0,0,0,0,0,0,0,0,0,0,0,0,1,32.0
1,2,1,18.0,0,2,13.0,0,1,0,0,0,0,0,0,0,0,0,0,1,13.0
0,2,0,30.0,0,0,13.0,0,0,0,0,0,0,0,0,0,0,0,0,1,13.0
0,3,1,10.0,0,2,24.15,0,1,0,0,0,0,0,0,0,0,0,0,1,24.0
0,3,0,27.896002829069026,0,0,7.8958,0,0,0,0,0,0,0,0,0,0,1,0,0,8.0
0,3,0,21.0,0,0,7.7333,0,0,0,0,0,0,0,0,0,0,0,1,0,8.0
0,3,0,29.0,0,0,7.875,0,0,0,0,0,0,0,0,0,0,0,0,1,8.0
0,3,1,28.0,1,1,14.4,0,0,0,0,0,0,0,0,0,0,0,0,1,14.0
0,3,0,18.0,1,1,20.2125,0,0,0,0,0,0,0,0,0,0,0,0,1,20.0
0,3,0,29.95191267824722,0,0,7.25,0,0,0,0,0,0,0,0,0,0,0,0,1,7.0
1,2,1,28.0,1,0,26.0,0,0,0,0,0,0,0,0,0,0,0,0,1,26.0
1,2,1,19.0,0,0,26.0,0,1,0,0,0,0,0,0,0,0,0,0,1,26.0
0,3,0,35.57297546188704,0,0,7.75,0,0,0,0,0,0,0,0,0,0,0,1,0,8.0
1,3,0,32.0,0,0,8.05,0,0,0,0,0,0,1,0,0,0,0,0,1,8.0
1,1,0,28.0,0,0,26.55,0,0,0,0,1,0,0,0,0,0,0,0,1,27.0
1,3,1,27.91381290089233,1,0,16.1,0,0,0,0,0,0,0,0,0,0,0,0,1,16.0
1,2,1,42.0,1,0,26.0,0,0,0,0,0,0,0,0,0,0,0,0,1,26.0
0,3,0,17.0,0,0,7.125,0,0,0,0,0,0,0,0,0,0,0,0,1,7.0
0,1,0,50.0,1,0,55.9,0,0,0,0,0,0,1,0,0,0,0,0,1,56.0
1,1,1,14.0,1,2,120.0,0,1,0,1,0,0,0,0,0,0,0,0,1,120.0
0,3,1,21.0,2,2,34.375,0,1,0,0,0,0,0,0,0,0,0,0,1,34.0
1,2,1,24.0,2,3,18.75,0,0,0,0,0,0,0,0,0,0,0,0,1,19.0
0,1,0,64.0,1,4,263.0,0,0,0,0,1,0,0,0,0,0,0,0,1,263.0
0,2,0,31.0,0,0,10.5,0,0,0,0,0,0,0,0,0,0,0,0,1,10.0
1,2,1,45.0,1,1,26.25,0,0,0,0,0,0,0,0,0,0,0,0,1,26.0
0,3,0,20.0,0,0,9.5,0,0,0,0,0,0,0,0,0,0,0,0,1,10.0
0,3,0,25.0,1,0,7.775,0,0,0,0,0,0,0,0,0,0,0,0,1,8.0
1,2,1,28.0,0,0,13.0,0,0,0,0,0,0,0,0,0,0,0,0,1,13.0
1,3,0,25.77695604093426,0,0,8.1125,0,0,0,0,0,0,0,0,0,0,0,0,1,8.0
1,1,0,4.0,0,2,81.8583,1,0,1,0,0,0,0,0,0,0,0,0,1,82.0
1,2,1,13.0,0,1,19.5,0,1,0,0,0,0,0,0,0,0,0,0,1,20.0
1,1,0,34.0,0,0,26.55,0,0,0,0,0,0,0,0,0,0,0,0,1,27.0
1,3,1,5.0,2,1,19.2583,0,1,0,0,0,0,0,0,0,0,1,0,0,19.0
1,1,0,52.0,0,0,30.5,0,0,0,0,1,0,0,0,0,0,0,0,1,30.0
0,2,0,36.0,1,2,27.75,0,0,0,0,0,0,0,0,0,0,0,0,1,28.0
0,3,0,27.70467907843885,1,0,19.9667,0,0,0,0,0,0,0,0,0,0,0,0,1,20.0
0,1,0,30.0,0,0,27.75,0,0,0,0,1,0,0,0,0,0,1,0,0,28.0
1,1,0,49.0,1,0,89.1042,0,0,0,0,1,0,0,0,0,0,1,0,0,89.0
0,3,0,29.952125548674772,0,0,8.05,0,0,0,0,0,0,0,0,0,0,0,0,1,8.0
1,3,0,29.0,0,0,7.8958,0,0,0,0,0,0,0,0,0,0,1,0,0,8.0
0,1,0,65.0,0,0,26.55,0,0,0,0,0,0,1,0,0,0,0,0,1,27.0
1,1,1,43.82194272577759,1,0,51.8625,0,0,0,0,0,1,0,0,0,0,0,0,1,52.0
1,2,1,50.0,0,0,10.5,0,1,0,0,0,0,0,0,0,0,0,0,1,10.0
0,3,0,35.57297546188704,0,0,7.75,0,0,0,0,0,0,0,0,0,0,0,1,0,8.0
1,1,0,48.0,0,0,26.55,0,0,0,0,0,0,1,0,0,0,0,0,1,27.0
0,3,0,34.0,0,0,8.05,0,0,0,0,0,0,0,0,0,0,0,0,1,8.0
0,1,0,47.0,0,0,38.5,0,0,0,0,0,0,1,0,0,0,0,0,1,38.0
0,2,0,48.0,0,0,13.0,0,0,0,0,0,0,0,0,0,0,0,0,1,13.0
0,3,0,29.952125548674772,0,0,8.05,0,0,0,0,0,0,0,0,0,0,0,0,1,8.0
0,3,0,38.0,0,0,7.05,0,0,0,0,0,0,0,0,0,0,0,0,1,7.0
0,2,0,36.14344158372426,0,0,0.0,0,0,0,0,0,0,0,0,0,0,0,0,1,0.0
0,1,0,56.0,0,0,26.55,0,0,0,0,0,0,0,0,0,0,0,0,1,27.0
0,3,0,35.57296880968618,0,0,7.725,0,0,0,0,0,0,0,0,0,0,0,1,0,8.0
1,3,1,0.75,2,1,19.2583,0,1,0,0,0,0,0,0,0,0,1,0,0,19.0
0,3,0,29.95191267824722,0,0,7.25,0,0,0,0,0,0,0,0,0,0,0,0,1,7.0
0,3,0,38.0,0,0,8.6625,0,0,0,0,0,0,0,0,0,0,0,0,1,9.0
1,2,1,33.0,1,2,27.75,0,0,0,0,0,0,0,0,0,0,0,0,1,28.0
1,2,1,23.0,0,0,13.7917,0,0,0,0,0,1,0,0,0,0,1,0,0,14.0
0,3,1,22.0,0,0,9.8375,0,1,0,0,0,0,0,0,0,0,0,0,1,10.0
0,1,0,50.249582085536666,0,0,52.0,0,0,1,0,0,0,0,0,0,0,0,0,1,52.0
0,2,0,34.0,1,0,21.0,0,0,0,0,0,0,0,0,0,0,0,0,1,21.0
0,3,0,29.0,1,0,7.0458,0,0,0,0,0,0,0,0,0,0,0,0,1,7.0
0,3,0,22.0,0,0,7.5208,0,0,0,0,0,0,0,0,0,0,0,0,1,8.0
1,3,1,2.0,0,1,12.2875,0,1,0,0,0,0,0,0,0,0,0,0,1,12.0
0,3,0,9.0,5,2,46.9,1,0,0,0,0,0,0,0,0,0,0,0,1,47.0
0,2,0,36.14344158372426,0,0,0.0,0,0,0,0,0,0,0,0,0,0,0,0,1,0.0
0,3,0,50.0,0,0,8.05,0,0,0,0,0,0,0,0,0,0,0,0,1,8.0
1,3,1,63.0,0,0,9.5875,0,0,0,0,0,0,0,0,0,0,0,0,1,10.0
1,1,0,25.0,1,0,91.0792,0,0,0,1,0,0,0,0,0,0,1,0,0,91.0
0,3,1,13.983980691931087,3,1,25.4667,0,1,0,0,0,0,0,0,0,0,0,0,1,25.0
1,1,1,35.0,1,0,90.0,0,0,0,0,1,0,0,0,0,0,0,0,1,90.0
0,1,0,58.0,0,0,29.7,0,0,0,1,0,0,0,0,0,0,1,0,0,30.0
0,3,0,30.0,0,0,8.05,0,0,0,0,0,0,0,0,0,0,0,0,1,8.0
1,3,0,9.0,1,1,15.9,1,0,0,0,0,0,0,0,0,0,0,0,1,16.0
0,3,0,27.70467907843885,1,0,19.9667,0,0,0,0,0,0,0,0,0,0,0,0,1,20.0
0,3,0,21.0,0,0,7.25,0,0,0,0,0,0,0,0,0,0,0,0,1,7.0
0,1,0,55.0,0,0,30.5,0,0,0,0,1,0,0,0,0,0,0,0,1,30.0
0,1,0,71.0,0,0,49.5042,0,0,0,0,0,0,0,0,0,0,1,0,0,50.0
0,3,0,21.0,0,0,8.05,0,0,0,0,0,0,0,0,0,0,0,0,1,8.0
0,3,0,27.897749031795,0,0,14.4583,0,0,0,0,0,0,0,0,0,0,1,0,0,14.0
1,1,1,54.0,1,0,78.2667,0,1,0,0,0,1,0,0,0,0,1,0,0,78.0
0,3,0,29.95400146931754,0,0,15.1,0,0,0,0,0,0,0,0,0,0,0,0,1,15.0
0,1,1,25.0,1,2,151.55,0,0,0,0,1,0,0,0,0,0,0,0,1,152.0
0,3,0,24.0,0,0,7.7958,0,0,0,0,0,0,0,0,0,0,0,0,1,8.0
0,3,0,17.0,0,0,8.6625,0,0,0,0,0,0,0,0,0,0,0,0,1,9.0
0,3,1,21.0,0,0,7.75,0,1,0,0,0,0,0,0,0,0,0,1,0,8.0
0,3,1,26.70097471831125,0,0,7.6292,0,1,0,0,0,0,0,0,0,0,0,1,0,8.0
0,3,1,37.0,0,0,9.5875,0,1,0,0,0,0,0,0,0,0,0,0,1,10.0
1,1,1,16.0,0,0,86.5,0,1,0,1,0,0,0,0,0,0,0,0,1,86.0
0,1,0,18.0,1,0,108.9,0,0,0,0,1,0,0,0,0,0,1,0,0,109.0
1,2,1,33.0,0,2,26.0,0,0,0,0,0,0,0,0,0,0,0,0,1,26.0
1,1,0,38.16877812652254,0,0,26.55,0,0,0,0,0,0,0,0,0,0,0,0,1,27.0
0,3,0,28.0,0,0,22.525,0,0,0,0,0,0,0,0,0,0,0,0,1,23.0
1,3,0,26.0,0,0,56.4958,0,0,0,0,0,0,0,0,0,0,0,0,1,56.0
1,3,0,29.0,0,0,7.75,0,0,0,0,0,0,0,0,0,0,0,1,0,8.0
0,3,0,29.952125548674772,0,0,8.05,0,0,0,0,0,0,0,0,0,0,0,0,1,8.0
1,1,0,36.0,0,0,26.2875,0,0,0,0,0,0,1,0,0,0,0,0,1,26.0
1,1,1,54.0,1,0,59.4,0,0,0,0,0,0,0,0,0,0,1,0,0,59.0
0,3,0,24.0,0,0,7.4958,0,0,0,0,0,0,0,0,0,0,0,0,1,7.0
0,1,0,47.0,0,0,34.0208,0,0,0,0,0,1,0,0,0,0,0,0,1,34.0
1,2,1,34.0,0,0,10.5,0,0,0,0,0,0,0,1,0,0,0,0,1,10.0
0,3,0,35.577339305651776,0,0,24.15,0,0,0,0,0,0,0,0,0,0,0,1,0,24.0
1,2,1,36.0,1,0,26.0,0,0,0,0,0,0,0,0,0,0,0,0,1,26.0
0,3,0,32.0,0,0,7.8958,0,0,0,0,0,0,0,0,0,0,0,0,1,8.0
1,1,1,30.0,0,0,93.5,0,1,0,1,0,0,0,0,0,0,0,0,1,94.0
0,3,0,22.0,0,0,7.8958,0,0,0,0,0,0,0,0,0,0,0,0,1,8.0
0,3,0,27.895824337215522,0,0,7.225,0,0,0,0,0,0,0,0,0,0,1,0,0,7.0
1,1,1,44.0,0,1,57.9792,0,0,0,1,0,0,0,0,0,0,1,0,0,58.0
0,3,0,27.895825454785268,0,0,7.2292,0,0,0,0,0,0,0,0,0,0,1,0,0,7.0
0,3,0,40.5,0,0,7.75,0,0,0,0,0,0,0,0,0,0,0,1,0,8.0
1,2,1,50.0,0,0,10.5,0,1,0,0,0,0,0,0,0,0,0,0,1,10.0
0,1,0,42.271422516428444,0,0,221.7792,0,0,0,0,1,0,0,0,0,0,0,0,1,222.0
0,3,0,39.0,0,0,7.925,0,0,0,0,0,0,0,0,0,0,0,0,1,8.0
0,2,0,23.0,2,1,11.5,0,0,0,0,0,0,0,0,0,0,0,0,1,12.0
1,2,1,2.0,1,1,26.0,0,1,0,0,0,0,0,0,0,0,0,0,1,26.0
0,3,0,27.895825454785268,0,0,7.2292,0,0,0,0,0,0,0,0,0,0,1,0,0,7.0
0,3,0,17.0,1,1,7.2292,0,0,0,0,0,0,0,0,0,0,1,0,0,7.0
1,3,1,27.412096737274922,0,2,22.3583,0,0,0,0,0,0,0,0,0,0,1,0,0,22.0
0,3,1,30.0,0,0,8.6625,0,1,0,0,0,0,0,0,0,0,0,0,1,9.0
1,2,1,7.0,0,2,26.25,0,1,0,0,0,0,0,0,0,0,0,0,1,26.0
0,1,0,45.0,0,0,26.55,0,0,0,1,0,0,0,0,0,0,0,0,1,27.0
1,1,1,30.0,0,0,106.425,0,1,0,0,0,0,0,0,0,0,1,0,0,106.0
0,3,0,29.953841816496883,0,0,14.5,0,0,0,0,0,0,0,0,0,0,0,0,1,14.0
1,1,1,22.0,0,2,49.5,0,1,0,1,0,0,0,0,0,0,1,0,0,50.0
1,1,1,36.0,0,2,71.0,0,1,0,1,0,0,0,0,0,0,0,0,1,71.0
0,3,1,9.0,4,2,31.275,0,1,0,0,0,0,0,0,0,0,0,0,1,31.0
0,3,1,11.0,4,2,31.275,0,1,0,0,0,0,0,0,0,0,0,0,1,31.0
1,2,0,32.0,1,0,26.0,0,0,0,0,0,0,0,0,0,0,0,0,1,26.0
0,1,0,50.0,1,0,106.425,0,0,0,0,1,0,0,0,0,0,1,0,0,106.0
0,1,0,64.0,0,0,26.0,0,0,0,0,0,0,0,0,0,0,0,0,1,26.0
1,2,1,19.0,1,0,26.0,0,0,0,0,0,0,0,0,0,0,0,0,1,26.0
1,2,0,29.91586240202811,0,0,13.8625,0,0,0,0,0,0,0,0,0,0,1,0,0,14.0
0,3,0,33.0,1,1,20.525,0,0,0,0,0,0,0,0,0,0,0,0,1,21.0
1,2,0,8.0,1,1,36.75,1,0,0,0,0,0,0,0,0,0,0,0,1,37.0
1,1,0,17.0,0,2,110.8833,0,0,0,0,1,0,0,0,0,0,1,0,0,111.0
0,2,0,27.0,0,0,26.0,0,0,0,0,0,0,0,0,0,0,0,0,1,26.0
0,3,0,35.57299653605937,0,0,7.8292,0,0,0,0,0,0,0,0,0,0,0,1,0,8.0
1,3,0,22.0,0,0,7.225,0,0,0,0,0,0,0,0,0,0,1,0,0,7.0
1,3,1,22.0,0,0,7.775,0,1,0,0,0,0,0,0,0,0,0,0,1,8.0
0,1,0,62.0,0,0,26.55,0,0,0,0,0,0,0,0,0,0,0,0,1,27.0
1,1,1,48.0,1,0,39.6,0,0,1,0,0,0,0,0,0,0,1,0,0,40.0
0,1,0,40.34135961865498,0,0,227.525,0,0,0,0,0,0,0,0,0,0,1,0,0,228.0
1,1,1,39.0,1,1,79.65,0,0,0,0,0,0,1,0,0,0,0,0,1,80.0
1,3,1,36.0,1,0,17.4,0,0,0,0,0,0,0,0,0,0,0,0,1,17.0
0,3,0,35.57297546188704,0,0,7.75,0,0,0,0,0,0,0,0,0,0,0,1,0,8.0
0,3,0,40.0,0,0,7.8958,0,0,0,0,0,0,0,0,0,0,0,0,1,8.0
0,2,0,28.0,0,0,13.5,0,0,0,0,0,0,0,0,0,0,0,0,1,14.0
0,3,0,29.952125548674772,0,0,8.05,0,0,0,0,0,0,0,0,0,0,0,0,1,8.0
0,3,1,21.08015694853355,0,0,8.05,0,1,0,0,0,0,0,0,0,0,0,0,1,8.0
0,3,0,24.0,2,0,24.15,0,0,0,0,0,0,0,0,0,0,0,0,1,24.0
0,3,0,19.0,0,0,7.8958,0,0,0,0,0,0,0,0,0,0,0,0,1,8.0
0,3,1,29.0,0,4,21.075,0,0,0,0,0,0,0,0,0,0,0,0,1,21.0
0,3,0,27.895825454785268,0,0,7.2292,0,0,0,0,0,0,0,0,0,0,1,0,0,7.0
1,3,0,32.0,0,0,7.8542,0,0,0,0,0,0,0,0,0,0,0,0,1,8.0
1,2,0,62.0,0,0,10.5,0,0,0,0,0,0,0,0,0,0,0,0,1,10.0
1,1,1,53.0,2,0,51.4792,0,0,0,0,1,0,0,0,0,0,0,0,1,51.0
1,1,0,36.0,0,0,26.3875,0,0,0,0,0,0,1,0,0,0,0,0,1,26.0
1,3,1,22.525820723503145,0,0,7.75,0,1,0,0,0,0,0,0,0,0,0,1,0,8.0
0,3,0,16.0,0,0,8.05,0,0,0,0,0,0,0,0,0,0,0,0,1,8.0
0,3,0,19.0,0,0,14.5,0,0,0,0,0,0,0,0,0,0,0,0,1,14.0
1,2,1,34.0,0,0,13.0,0,1,0,0,0,0,0,0,0,0,0,0,1,13.0
1,1,1,39.0,1,0,55.9,0,0,0,0,0,0,1,0,0,0,0,0,1,56.0
0,3,1,30.032480513578022,1,0,14.4583,0,0,0,0,0,0,0,0,0,0,1,0,0,14.0
1,3,0,32.0,0,0,7.925,0,0,0,0,0,0,0,0,0,0,0,0,1,8.0
1,2,1,25.0,1,1,30.0,0,1,0,0,0,0,0,0,0,0,0,0,1,30.0
1,1,1,39.0,1,1,110.8833,0,0,0,0,1,0,0,0,0,0,1,0,0,111.0
0,2,0,54.0,0,0,26.0,0,0,0,0,0,0,0,0,0,0,0,0,1,26.0
0,1,0,36.0,0,0,40.125,0,0,1,0,0,0,0,0,0,0,1,0,0,40.0
0,3,0,27.896220143166744,0,0,8.7125,0,0,0,0,0,0,0,0,0,0,1,0,0,9.0
1,1,1,18.0,0,2,79.65,0,1,0,0,0,0,1,0,0,0,0,0,1,80.0
0,2,0,47.0,0,0,15.0,0,0,0,0,0,0,0,0,0,0,0,0,1,15.0
1,1,0,60.0,1,1,79.2,0,0,0,1,0,0,0,0,0,0,1,0,0,79.0
0,3,0,22.0,0,0,8.05,0,0,0,0,0,0,0,0,0,0,0,0,1,8.0
0,3,0,29.952125548674772,0,0,8.05,0,0,0,0,0,0,0,0,0,0,0,0,1,8.0
0,3,0,35.0,0,0,7.125,0,0,0,0,0,0,0,0,0,0,0,0,1,7.0
1,1,1,52.0,1,0,78.2667,0,0,0,0,0,1,0,0,0,0,1,0,0,78.0
0,3,0,47.0,0,0,7.25,0,0,0,0,0,0,0,0,0,0,0,0,1,7.0
0,3,1,26.003089766697464,0,2,7.75,0,1,0,0,0,0,0,0,0,0,0,1,0,8.0
0,2,0,37.0,1,0,26.0,0,0,0,0,0,0,0,0,0,0,0,0,1,26.0
0,3,0,36.0,1,1,24.15,0,0,0,0,0,0,0,0,0,0,0,0,1,24.0
1,2,1,23.105067750476728,0,0,33.0,0,1,0,0,0,0,0,0,0,0,0,0,1,33.0
0,3,0,49.0,0,0,0.0,0,0,0,0,0,0,0,0,0,0,0,0,1,0.0
0,3,0,27.895824337215522,0,0,7.225,0,0,0,0,0,0,0,0,0,0,1,0,0,7.0
1,1,0,49.0,1,0,56.9292,0,0,1,0,0,0,0,0,0,0,1,0,0,57.0
1,2,1,24.0,2,1,27.0,0,0,0,0,0,0,0,0,0,0,0,0,1,27.0
0,3,0,29.952084517899863,0,0,7.8958,0,0,0,0,0,0,0,0,0,0,0,0,1,8.0
0,1,0,42.348181760111004,0,0,42.4,0,0,0,0,0,0,0,0,0,0,0,0,1,42.0
0,3,0,44.0,0,0,8.05,0,0,0,0,0,0,0,0,0,0,0,0,1,8.0
1,1,0,35.0,0,0,26.55,0,0,0,0,0,0,0,0,0,0,1,0,0,27.0
0,3,0,36.0,1,0,15.55,0,0,0,0,0,0,0,0,0,0,0,0,1,16.0
0,3,0,30.0,0,0,7.8958,0,0,0,0,0,0,0,0,0,0,0,0,1,8.0
1,1,0,27.0,0,0,30.5,0,0,0,0,0,0,0,0,0,0,0,0,1,30.0
1,2,1,22.0,1,2,41.5792,0,0,0,0,0,0,0,0,0,0,1,0,0,42.0
1,1,1,40.0,0,0,153.4625,0,1,0,0,1,0,0,0,0,0,0,0,1,153.0
0,3,1,39.0,1,5,31.275,0,0,0,0,0,0,0,0,0,0,0,0,1,31.0
0,3,0,29.951859460640335,0,0,7.05,0,0,0,0,0,0,0,0,0,0,0,0,1,7.0
1,3,1,20.277265544254142,1,0,15.5,0,1,0,0,0,0,0,0,0,0,0,1,0,16.0
0,3,0,35.57297546188704,0,0,7.75,0,0,0,0,0,0,0,0,0,0,0,1,0,8.0
0,3,0,35.0,0,0,8.05,0,0,0,0,0,0,0,0,0,0,0,0,1,8.0
1,2,1,24.0,1,2,65.0,0,1,0,0,0,0,0,0,0,0,0,0,1,65.0
0,3,0,34.0,1,1,14.4,0,0,0,0,0,0,0,0,0,0,0,0,1,14.0
0,3,1,26.0,1,0,16.1,0,0,0,0,0,0,0,0,0,0,0,0,1,16.0
1,2,1,4.0,2,1,39.0,0,1,0,0,0,0,0,1,0,0,0,0,1,39.0
0,2,0,26.0,0,0,10.5,0,0,0,0,0,0,0,0,0,0,0,0,1,10.0
0,3,0,27.0,1,0,14.4542,0,0,0,0,0,0,0,0,0,0,1,0,0,14.0
1,1,0,42.0,1,0,52.5542,0,0,0,0,0,1,0,0,0,0,0,0,1,53.0
1,3,0,20.0,1,1,15.7417,0,0,0,0,0,0,0,0,0,0,1,0,0,16.0
0,3,0,21.0,0,0,7.8542,0,0,0,0,0,0,0,0,0,0,0,0,1,8.0
0,3,0,21.0,0,0,16.1,0,0,0,0,0,0,0,0,0,0,0,0,1,16.0
0,1,0,61.0,0,0,32.3208,0,0,0,0,0,1,0,0,0,0,0,0,1,32.0
0,2,0,57.0,0,0,12.35,0,0,0,0,0,0,0,0,0,0,0,1,0,12.0
1,1,1,21.0,0,0,77.9583,0,1,0,0,0,1,0,0,0,0,0,0,1,78.0
0,3,0,26.0,0,0,7.8958,0,0,0,0,0,0,0,0,0,0,0,0,1,8.0
0,3,0,35.57297101821687,0,0,7.7333,0,0,0,0,0,0,0,0,0,0,0,1,0,8.0
1,1,0,80.0,0,0,30.0,0,0,1,0,0,0,0,0,0,0,0,0,1,30.0
0,3,0,51.0,0,0,7.0542,0,0,0,0,0,0,0,0,0,0,0,0,1,7.0
1,1,0,32.0,0,0,30.5,0,0,0,1,0,0,0,0,0,0,1,0,0,30.0
0,1,0,42.33689962745096,0,0,0.0,0,0,0,0,0,0,0,0,0,0,0,0,1,0.0
0,3,1,9.0,3,2,27.9,0,1,0,0,0,0,0,0,0,0,0,0,1,28.0
1,2,1,28.0,0,0,13.0,0,1,0,0,0,0,0,0,0,0,0,0,1,13.0
0,3,0,32.0,0,0,7.925,0,0,0,0,0,0,0,0,0,0,0,0,1,8.0
0,2,0,31.0,1,1,26.25,0,0,0,0,0,0,0,0,0,0,0,0,1,26.0
0,3,1,41.0,0,5,39.6875,0,0,0,0,0,0,0,0,0,0,0,0,1,40.0
0,3,0,27.703650195836097,1,0,16.1,0,0,0,0,0,0,0,0,0,0,0,0,1,16.0
0,3,0,20.0,0,0,7.8542,0,0,0,0,0,0,0,0,0,0,0,0,1,8.0
1,1,1,24.0,0,0,69.3,0,0,0,1,0,0,0,0,0,0,1,0,0,69.0
0,3,1,2.0,3,2,27.9,0,1,0,0,0,0,0,0,0,0,0,0,1,28.0
1,3,0,25.789830258130742,0,0,56.4958,0,0,0,0,0,0,0,0,0,0,0,0,1,56.0
1,3,1,0.75,2,1,19.2583,0,1,0,0,0,0,0,0,0,0,1,0,0,19.0
1,1,0,48.0,1,0,76.7292,0,0,0,0,0,1,0,0,0,0,1,0,0,77.0
0,3,0,19.0,0,0,7.8958,0,0,0,0,0,0,0,0,0,0,0,0,1,8.0
1,1,0,56.0,0,0,35.5,0,0,1,0,0,0,0,0,0,0,1,0,0,36.0
0,3,0,29.951992504657554,0,0,7.55,0,0,0,0,0,0,0,0,0,0,0,0,1,8.0
1,3,1,23.0,0,0,7.55,0,1,0,0,0,0,0,0,0,0,0,0,1,8.0
0,3,0,29.952084517899863,0,0,7.8958,0,0,0,0,0,0,0,0,0,0,0,0,1,8.0
1,2,1,18.0,0,1,23.0,0,1,0,0,0,0,0,0,0,0,0,0,1,23.0
0,3,0,21.0,0,0,8.4333,0,0,0,0,0,0,0,0,0,0,0,0,1,8.0
1,3,1,22.525841797675476,0,0,7.8292,0,1,0,0,0,0,0,0,0,0,0,1,0,8.0
0,3,1,18.0,0,0,6.75,0,1,0,0,0,0,0,0,0,0,0,1,0,7.0
0,2,0,24.0,2,0,73.5,0,0,0,0,0,0,0,0,0,0,0,0,1,74.0
0,3,0,29.952084517899863,0,0,7.8958,0,0,0,0,0,0,0,0,0,0,0,0,1,8.0
0,3,1,32.0,1,1,15.5,0,0,0,0,0,0,0,0,0,0,0,1,0,16.0
0,2,0,23.0,0,0,13.0,0,0,0,0,0,0,0,0,0,0,0,0,1,13.0
0,1,0,58.0,0,2,113.275,0,0,0,0,0,1,0,0,0,0,1,0,0,113.0
1,1,0,50.0,2,0,133.65,0,0,0,0,0,0,0,0,0,0,0,0,1,134.0
0,3,0,40.0,0,0,7.225,0,0,0,0,0,0,0,0,0,0,1,0,0,7.0
0,1,0,47.0,0,0,25.5875,0,0,0,0,0,0,1,0,0,0,0,0,1,26.0
0,3,0,36.0,0,0,7.4958,0,0,0,0,0,0,0,0,0,0,0,0,1,7.0
1,3,0,20.0,1,0,7.925,0,0,0,0,0,0,0,0,0,0,0,0,1,8.0
0,2,0,32.0,2,0,73.5,0,0,0,0,0,0,0,0,0,0,0,0,1,74.0
0,2,0,25.0,0,0,13.0,0,0,0,0,0,0,0,0,0,0,0,0,1,13.0
0,3,0,29.952052374465303,0,0,7.775,0,0,0,0,0,0,0,0,0,0,0,0,1,8.0
0,3,0,43.0,0,0,8.05,0,0,0,0,0,0,0,0,0,0,0,0,1,8.0
1,1,1,40.185791646352826,1,0,52.0,0,0,0,0,1,0,0,0,0,0,0,0,1,52.0
1,2,1,40.0,1,1,39.0,0,0,0,0,0,0,0,0,0,0,0,0,1,39.0
0,1,0,31.0,1,0,52.0,0,0,0,1,0,0,0,0,0,0,0,0,1,52.0
0,2,0,70.0,0,0,10.5,0,0,0,0,0,0,0,0,0,0,0,0,1,10.0
1,2,0,31.0,0,0,13.0,0,0,0,0,0,0,0,0,0,0,0,0,1,13.0
0,2,0,36.14344158372426,0,0,0.0,0,0,0,0,0,0,0,0,0,0,0,0,1,0.0
0,3,0,18.0,0,0,7.775,0,0,0,0,0,0,0,0,0,0,0,0,1,8.0
0,3,0,24.5,0,0,8.05,0,0,0,0,0,0,0,0,0,0,0,0,1,8.0
1,3,1,18.0,0,0,9.8417,0,1,0,0,0,0,0,0,0,0,0,0,1,10.0
0,3,1,43.0,1,6,46.9,0,0,0,0,0,0,0,0,0,0,0,0,1,47.0
1,1,0,36.0,0,1,512.3292,0,0,0,1,0,0,0,0,0,0,1,0,0,512.0
0,3,1,26.701109970859157,0,0,8.1375,0,1,0,0,0,0,0,0,0,0,0,1,0,8.0
1,1,0,27.0,0,0,76.7292,0,0,0,0,0,1,0,0,0,0,1,0,0,77.0
0,3,0,20.0,0,0,9.225,0,0,0,0,0,0,0,0,0,0,0,0,1,9.0
0,3,0,14.0,5,2,46.9,0,0,0,0,0,0,0,0,0,0,0,0,1,47.0
0,2,0,60.0,1,1,39.0,0,0,0,0,0,0,0,0,0,0,0,0,1,39.0
0,2,0,25.0,1,2,41.5792,0,0,0,0,0,0,0,0,0,0,1,0,0,42.0
0,3,0,14.0,4,1,39.6875,0,0,0,0,0,0,0,0,0,0,0,0,1,40.0
0,3,0,19.0,0,0,10.1708,0,0,0,0,0,0,0,0,0,0,0,0,1,10.0
0,3,0,18.0,0,0,7.7958,0,0,0,0,0,0,0,0,0,0,0,0,1,8.0
1,1,1,15.0,0,1,211.3375,0,1,0,1,0,0,0,0,0,0,0,0,1,211.0
1,1,0,31.0,1,0,57.0,0,0,0,1,0,0,0,0,0,0,0,0,1,57.0
1,3,1,4.0,0,1,13.4167,0,1,0,0,0,0,0,0,0,0,1,0,0,13.0
1,3,0,25.789830258130742,0,0,56.4958,0,0,0,0,0,0,0,0,0,0,0,0,1,56.0
0,3,0,25.0,0,0,7.225,0,0,0,0,0,0,0,0,0,0,1,0,0,7.0
0,1,0,60.0,0,0,26.55,0,0,0,0,0,0,0,0,0,0,0,0,1,27.0
0,2,0,52.0,0,0,13.5,0,0,0,0,0,0,0,0,0,0,0,0,1,14.0
0,3,0,44.0,0,0,8.05,0,0,0,0,0,0,0,0,0,0,0,0,1,8.0
1,3,1,22.525816279832974,0,0,7.7333,0,1,0,0,0,0,0,0,0,0,0,1,0,8.0
0,1,0,49.0,1,1,110.8833,0,0,0,0,1,0,0,0,0,0,1,0,0,111.0
0,3,0,42.0,0,0,7.65,0,0,0,0,0,0,0,1,0,0,0,0,1,8.0
1,1,1,18.0,1,0,227.525,0,0,0,0,1,0,0,0,0,0,1,0,0,228.0
1,1,0,35.0,0,0,26.2875,0,0,0,0,0,0,1,0,0,0,0,0,1,26.0
0,3,1,18.0,0,1,14.4542,0,1,0,0,0,0,0,0,0,0,1,0,0,14.0
0,3,0,25.0,0,0,7.7417,0,0,0,0,0,0,0,0,0,0,0,1,0,8.0
0,3,0,26.0,1,0,7.8542,0,0,0,0,0,0,0,0,0,0,0,0,1,8.0
0,2,0,39.0,0,0,26.0,0,0,0,0,0,0,0,0,0,0,0,0,1,26.0
1,2,1,45.0,0,0,13.5,0,0,0,0,0,0,0,0,0,0,0,0,1,14.0
1,1,0,42.0,0,0,26.2875,0,0,0,0,0,0,1,0,0,0,0,0,1,26.0
1,1,1,22.0,0,0,151.55,0,1,0,0,0,0,0,0,0,0,0,0,1,152.0
1,3,0,0.6028358367922309,1,1,15.2458,1,0,0,0,0,0,0,0,0,0,1,0,0,15.0
1,1,1,24.0,0,0,49.5042,0,0,0,0,1,0,0,0,0,0,1,0,0,50.0
0,1,0,42.21947436233609,0,0,26.55,0,0,0,0,1,0,0,0,0,0,0,0,1,27.0
1,1,0,48.0,1,0,52.0,0,0,0,0,1,0,0,0,0,0,0,0,1,52.0
0,3,0,29.0,0,0,9.4833,0,0,0,0,0,0,0,0,0,0,0,0,1,9.0
0,2,0,52.0,0,0,13.0,0,0,0,0,0,0,0,0,0,0,0,0,1,13.0
0,3,0,19.0,0,0,7.65,0,0,0,0,0,0,0,1,0,0,0,0,1,8.0
1,1,1,38.0,0,0,227.525,0,1,0,0,1,0,0,0,0,0,1,0,0,228.0
1,2,1,27.0,0,0,10.5,0,1,0,0,0,0,1,0,0,0,0,0,1,10.0
0,3,0,35.575037644153916,0,0,15.5,0,0,0,0,0,0,0,0,0,0,0,1,0,16.0
0,3,0,33.0,0,0,7.775,0,0,0,0,0,0,0,0,0,0,0,0,1,8.0
1,2,1,6.0,0,1,33.0,0,1,0,0,0,0,0,0,0,0,0,0,1,33.0
0,3,0,17.0,1,0,7.0542,0,0,0,0,0,0,0,0,0,0,0,0,1,7.0
0,2,0,34.0,0,0,13.0,0,0,0,0,0,0,0,0,0,0,0,0,1,13.0
0,2,0,50.0,0,0,13.0,0,0,0,0,0,0,0,0,0,0,0,0,1,13.0
1,1,0,27.0,1,0,53.1,0,0,0,0,0,0,1,0,0,0,0,0,1,53.0
0,3,0,20.0,0,0,8.6625,0,0,0,0,0,0,0,0,0,0,0,0,1,9.0
1,2,1,30.0,3,0,21.0,0,0,0,0,0,0,0,0,0,0,0,0,1,21.0
1,3,1,22.52581739740272,0,0,7.7375,0,1,0,0,0,0,0,0,0,0,0,1,0,8.0
0,2,0,25.0,1,0,26.0,0,0,0,0,0,0,0,0,0,0,0,0,1,26.0
0,3,1,25.0,1,0,7.925,0,1,0,0,0,0,0,0,0,0,0,0,1,8.0
1,1,1,29.0,0,0,211.3375,0,1,0,1,0,0,0,0,0,0,0,0,1,211.0
0,3,0,11.0,0,0,18.7875,0,0,0,0,0,0,0,0,0,0,1,0,0,19.0
0,2,0,36.14344158372426,0,0,0.0,0,0,0,0,0,0,0,0,0,0,0,0,1,0.0
0,2,0,23.0,0,0,13.0,0,0,0,0,0,0,0,0,0,0,0,0,1,13.0
0,2,0,23.0,0,0,13.0,0,0,0,0,0,0,0,0,0,0,0,0,1,13.0
0,3,0,28.5,0,0,16.1,0,0,0,0,0,0,0,0,0,0,0,0,1,16.0
0,3,1,48.0,1,3,34.375,0,0,0,0,0,0,0,0,0,0,0,0,1,34.0
1,1,0,35.0,0,0,512.3292,0,0,0,1,0,0,0,0,0,0,1,0,0,512.0
0,3,0,29.952084517899863,0,0,7.8958,0,0,0,0,0,0,0,0,0,0,0,0,1,8.0
0,3,0,29.952084517899863,0,0,7.8958,0,0,0,0,0,0,0,0,0,0,0,0,1,8.0
1,1,0,41.681393894341724,0,0,30.0,0,0,0,0,0,1,0,0,0,0,0,0,1,30.0
0,1,0,36.0,1,0,78.85,0,0,0,0,1,0,0,0,0,0,0,0,1,79.0
1,1,1,21.0,2,2,262.375,0,1,0,1,0,0,0,0,0,0,1,0,0,262.0
0,3,0,24.0,1,0,16.1,0,0,0,0,0,0,0,0,0,0,0,0,1,16.0
1,3,0,31.0,0,0,7.925,0,0,0,0,0,0,0,0,0,0,0,0,1,8.0
0,1,0,70.0,1,1,71.0,0,0,0,1,0,0,0,0,0,0,0,0,1,71.0
0,3,0,16.0,1,1,20.25,0,0,0,0,0,0,0,0,0,0,0,0,1,20.0
1,2,1,30.0,0,0,13.0,0,1,0,0,0,0,0,0,0,0,0,0,1,13.0
0,1,0,19.0,1,0,53.1,0,0,0,0,0,1,0,0,0,0,0,0,1,53.0
0,3,0,31.0,0,0,7.75,0,0,0,0,0,0,0,0,0,0,0,1,0,8.0
1,2,1,4.0,1,1,23.0,0,1,0,0,0,0,0,0,0,0,0,0,1,23.0
1,3,0,6.0,0,1,12.475,1,0,0,0,0,0,1,0,0,0,0,0,1,12.0
0,3,0,33.0,0,0,9.5,0,0,0,0,0,0,0,0,0,0,0,0,1,10.0
0,3,0,23.0,0,0,7.8958,0,0,0,0,0,0,0,0,0,0,0,0,1,8.0
1,2,1,48.0,1,2,65.0,0,0,0,0,0,0,0,0,0,0,0,0,1,65.0
1,2,0,0.67,1,1,14.5,1,0,0,0,0,0,0,0,0,0,0,0,1,14.0
0,3,0,28.0,0,0,7.7958,0,0,0,0,0,0,0,0,0,0,0,0,1,8.0
0,2,0,18.0,0,0,11.5,0,0,0,0,0,0,0,0,0,0,0,0,1,12.0
0,3,0,34.0,0,0,8.05,0,0,0,0,0,0,0,0,0,0,0,0,1,8.0
1,1,1,33.0,0,0,86.5,0,0,0,1,0,0,0,0,0,0,0,0,1,86.0
0,3,0,29.953841816496883,0,0,14.5,0,0,0,0,0,0,0,0,0,0,0,0,1,14.0
0,3,0,41.0,0,0,7.125,0,0,0,0,0,0,0,0,0,0,0,0,1,7.0
1,3,0,20.0,0,0,7.2292,0,0,0,0,0,0,0,0,0,0,1,0,0,7.0
1,1,1,36.0,1,2,120.0,0,0,0,1,0,0,0,0,0,0,0,0,1,120.0
0,3,0,16.0,0,0,7.775,0,0,0,0,0,0,0,0,0,0,0,0,1,8.0
1,1,1,51.0,1,0,77.9583,0,0,0,0,0,1,0,0,0,0,0,0,1,78.0
0,1,0,40.29135502478375,0,0,39.6,0,0,0,0,0,0,0,0,0,0,1,0,0,40.0
0,3,1,30.5,0,0,7.75,0,1,0,0,0,0,0,0,0,0,0,1,0,8.0
0,3,0,33.3267219441359,1,0,24.15,0,0,0,0,0,0,0,0,0,0,0,1,0,24.0
0,3,0,32.0,0,0,8.3625,0,0,0,0,0,0,0,0,0,0,0,0,1,8.0
0,3,0,24.0,0,0,9.5,0,0,0,0,0,0,0,0,0,0,0,0,1,10.0
0,3,0,48.0,0,0,7.8542,0,0,0,0,0,0,0,0,0,0,0,0,1,8.0
0,2,1,57.0,0,0,10.5,0,0,0,0,0,0,1,0,0,0,0,0,1,10.0
0,3,0,27.895824337215522,0,0,7.225,0,0,0,0,0,0,0,0,0,0,1,0,0,7.0
1,2,1,54.0,1,3,23.0,0,0,0,0,0,0,0,0,0,0,0,0,1,23.0
0,3,0,18.0,0,0,7.75,0,0,0,0,0,0,0,0,0,0,0,0,1,8.0
0,3,0,31.55515121416402,0,0,7.75,0,0,0,0,0,0,0,1,0,0,0,1,0,8.0
1,3,1,5.0,0,0,12.475,0,1,0,0,0,0,0,0,0,0,0,0,1,12.0
0,3,0,35.572972135786614,0,0,7.7375,0,0,0,0,0,0,0,0,0,0,0,1,0,8.0
1,1,1,43.0,0,1,211.3375,0,0,0,1,0,0,0,0,0,0,0,0,1,211.0
1,3,1,13.0,0,0,7.2292,0,1,0,0,0,0,0,0,0,0,1,0,0,7.0
1,1,1,17.0,1,0,57.0,0,0,0,1,0,0,0,0,0,0,0,0,1,57.0
0,1,0,29.0,0,0,30.0,0,0,0,0,0,1,0,0,0,0,0,0,1,30.0
0,3,0,27.007688847840846,1,2,23.45,0,0,0,0,0,0,0,0,0,0,0,0,1,23.0
0,3,0,25.0,0,0,7.05,0,0,0,0,0,0,0,0,0,0,0,0,1,7.0
0,3,0,25.0,0,0,7.25,0,0,0,0,0,0,0,0,0,0,0,0,1,7.0
1,3,1,18.0,0,0,7.4958,0,1,0,0,0,0,0,0,0,0,0,0,1,7.0
0,3,0,8.0,4,1,29.125,1,0,0,0,0,0,0,0,0,0,0,1,0,29.0
1,3,0,1.0,1,2,20.575,1,0,0,0,0,0,0,0,0,0,0,0,1,21.0
0,1,0,46.0,0,0,79.2,0,0,0,1,0,0,0,0,0,0,1,0,0,79.0
0,3,0,35.57297546188704,0,0,7.75,0,0,0,0,0,0,0,0,0,0,0,1,0,8.0
0,2,0,16.0,0,0,26.0,0,0,0,0,0,0,0,0,0,0,0,0,1,26.0
0,3,1,2.3936653754759405,8,2,69.55,0,1,0,0,0,0,0,0,0,0,0,0,1,70.0
0,1,0,40.28898572370753,0,0,30.6958,0,0,0,0,0,0,0,0,0,0,1,0,0,31.0
0,3,0,25.0,0,0,7.8958,0,0,0,0,0,0,0,0,0,0,0,0,1,8.0
0,2,0,39.0,0,0,13.0,0,0,0,0,0,0,0,0,0,0,0,0,1,13.0
1,1,1,49.0,0,0,25.9292,0,0,0,0,0,1,0,0,0,0,0,0,1,26.0
1,3,1,31.0,0,0,8.6833,0,0,0,0,0,0,0,0,0,0,0,0,1,9.0
0,3,0,30.0,0,0,7.2292,0,0,0,0,0,0,0,0,0,0,1,0,0,7.0
0,3,1,30.0,1,1,24.15,0,0,0,0,0,0,0,0,0,0,0,0,1,24.0
0,2,0,34.0,0,0,13.0,0,0,0,0,0,0,0,0,0,0,0,0,1,13.0
1,2,1,31.0,1,1,26.25,0,0,0,0,0,0,0,0,0,0,0,0,1,26.0
1,1,0,11.0,1,2,120.0,1,0,0,1,0,0,0,0,0,0,0,0,1,120.0
1,3,0,0.42,0,1,8.5167,1,0,0,0,0,0,0,0,0,0,1,0,0,9.0
1,3,0,27.0,0,0,6.975,0,0,0,0,0,0,0,0,0,0,0,0,1,7.0
0,3,0,31.0,0,0,7.775,0,0,0,0,0,0,0,0,0,0,0,0,1,8.0
0,1,0,39.0,0,0,0.0,0,0,1,0,0,0,0,0,0,0,0,0,1,0.0
0,3,1,18.0,0,0,7.775,0,1,0,0,0,0,0,0,0,0,0,0,1,8.0
0,2,0,39.0,0,0,13.0,0,0,0,0,0,0,0,0,0,0,0,0,1,13.0
1,1,1,33.0,1,0,53.1,0,0,0,0,0,0,1,0,0,0,0,0,1,53.0
0,3,0,26.0,0,0,7.8875,0,0,0,0,0,0,0,0,0,0,0,0,1,8.0
0,3,0,39.0,0,0,24.15,0,0,0,0,0,0,0,0,0,0,0,0,1,24.0
0,2,0,35.0,0,0,10.5,0,0,0,0,0,0,0,0,0,0,0,0,1,10.0
0,3,1,6.0,4,2,31.275,0,1,0,0,0,0,0,0,0,0,0,0,1,31.0
0,3,0,30.5,0,0,8.05,0,0,0,0,0,0,0,0,0,0,0,0,1,8.0
0,1,0,41.43010670903332,0,0,0.0,0,0,0,1,0,0,0,0,0,0,0,0,1,0.0
0,3,1,23.0,0,0,7.925,0,1,0,0,0,0,0,0,0,0,0,0,1,8.0
0,2,0,31.0,1,1,37.0042,0,0,0,0,0,0,0,0,0,0,1,0,0,37.0
0,3,0,43.0,0,0,6.45,0,0,0,0,0,0,0,0,0,0,0,0,1,6.0
0,3,0,10.0,3,2,27.9,1,0,0,0,0,0,0,0,0,0,0,0,1,28.0
1,1,1,52.0,1,1,93.5,0,0,0,1,0,0,0,0,0,0,0,0,1,94.0
1,3,0,27.0,0,0,8.6625,0,0,0,0,0,0,0,0,0,0,0,0,1,9.0
0,1,0,38.0,0,0,0.0,0,0,0,0,0,0,0,0,0,0,0,0,1,0.0
1,3,1,27.0,0,1,12.475,0,0,0,0,0,0,1,0,0,0,0,0,1,12.0
0,3,0,2.0,4,1,39.6875,1,0,0,0,0,0,0,0,0,0,0,0,1,40.0
0,3,0,35.572762591459494,0,0,6.95,0,0,0,0,0,0,0,0,0,0,0,1,0,7.0
0,3,0,29.965016396373407,0,0,56.4958,0,0,0,0,0,0,0,0,0,0,0,0,1,56.0
1,2,0,1.0,0,2,37.0042,1,0,0,0,0,0,0,0,0,0,1,0,0,37.0
1,3,0,31.397789323644375,0,0,7.75,0,0,0,0,0,0,0,0,0,0,0,1,0,8.0
1,1,1,62.0,0,0,80.0,0,0,0,1,0,0,0,0,0,0,0,0,0,80.0
1,3,1,15.0,1,0,14.4542,0,0,0,0,0,0,0,0,0,0,1,0,0,14.0
1,2,0,0.83,1,1,18.75,1,0,0,0,0,0,0,0,0,0,0,0,1,19.0
0,3,0,27.895825454785268,0,0,7.2292,0,0,0,0,0,0,0,0,0,0,1,0,0,7.0
0,3,0,23.0,0,0,7.8542,0,0,0,0,0,0,0,0,0,0,0,0,1,8.0
0,3,0,18.0,0,0,8.3,0,0,0,0,0,0,0,0,0,0,0,0,1,8.0
1,1,1,39.0,1,1,83.1583,0,1,0,0,0,0,1,0,0,0,1,0,0,83.0
0,3,0,21.0,0,0,8.6625,0,0,0,0,0,0,0,0,0,0,0,0,1,9.0
0,3,0,29.952125548674772,0,0,8.05,0,0,0,0,0,0,0,0,0,0,0,0,1,8.0
1,3,0,32.0,0,0,56.4958,0,0,0,0,0,0,0,0,0,0,0,0,1,56.0
1,1,0,35.98904471257106,0,0,29.7,0,0,0,0,1,0,0,0,0,0,1,0,0,30.0
0,3,0,20.0,0,0,7.925,0,0,0,0,0,0,0,0,0,0,0,0,1,8.0
0,2,0,16.0,0,0,10.5,0,0,0,0,0,0,0,0,0,0,0,0,1,10.0
1,1,1,30.0,0,0,31.0,0,1,0,0,0,0,0,0,0,0,1,0,0,31.0
0,3,0,34.5,0,0,6.4375,0,0,0,0,0,0,0,0,0,0,1,0,0,6.0
0,3,0,17.0,0,0,8.6625,0,0,0,0,0,0,0,0,0,0,0,0,1,9.0
0,3,0,42.0,0,0,7.55,0,0,0,0,0,0,0,0,0,0,0,0,1,8.0
0,3,0,11.26563397561717,8,2,69.55,0,0,0,0,0,0,0,0,0,0,0,0,1,70.0
0,3,0,35.0,0,0,7.8958,0,0,0,0,0,0,0,0,0,0,1,0,0,8.0
0,2,0,28.0,0,1,33.0,0,0,0,0,0,0,0,0,0,0,0,0,1,33.0
1,1,1,38.139582941169266,1,0,89.1042,0,0,0,0,1,0,0,0,0,0,1,0,0,89.0
0,3,0,4.0,4,2,31.275,1,0,0,0,0,0,0,0,0,0,0,0,1,31.0
0,3,0,74.0,0,0,7.775,0,0,0,0,0,0,0,0,0,0,0,0,1,8.0
0,3,1,9.0,1,1,15.2458,0,1,0,0,0,0,0,0,0,0,1,0,0,15.0
1,1,1,16.0,0,1,39.4,0,1,0,0,0,1,0,0,0,0,0,0,1,39.0
0,2,1,44.0,1,0,26.0,0,0,0,0,0,0,0,0,0,0,0,0,1,26.0
1,3,1,18.0,0,1,9.35,0,0,0,0,0,0,0,0,0,0,0,0,1,9.0
1,1,1,45.0,1,1,164.8667,0,0,0,0,0,0,0,0,0,0,0,0,1,165.0
1,1,0,51.0,0,0,26.55,0,0,0,0,0,0,1,0,0,0,0,0,1,27.0
1,3,1,24.0,0,3,19.2583,0,0,0,0,0,0,0,0,0,0,1,0,0,19.0
0,3,0,27.895825454785268,0,0,7.2292,0,0,0,0,0,0,0,0,0,0,1,0,0,7.0
0,3,0,41.0,2,0,14.1083,0,0,0,0,0,0,0,0,0,0,0,0,1,14.0
0,2,0,21.0,1,0,11.5,0,0,0,0,0,0,0,0,0,0,0,0,1,12.0
1,1,1,48.0,0,0,25.9292,0,0,0,0,0,1,0,0,0,0,0,0,1,26.0
0,3,1,2.3936653754759405,8,2,69.55,0,1,0,0,0,0,0,0,0,0,0,0,1,70.0
0,2,0,24.0,0,0,13.0,0,0,0,0,0,0,0,0,0,0,0,0,1,13.0
1,2,1,42.0,0,0,13.0,0,0,0,0,0,0,0,0,0,0,0,0,1,13.0
1,2,1,27.0,1,0,13.8583,0,1,0,0,0,0,0,0,0,0,1,0,0,14.0
0,1,0,31.0,0,0,50.4958,0,0,1,0,0,0,0,0,0,0,0,0,1,50.0
0,3,0,29.9525113763247,0,0,9.5,0,0,0,0,0,0,0,0,0,0,0,0,1,10.0
1,3,0,4.0,1,1,11.1333,1,0,0,0,0,0,0,0,0,0,0,0,1,11.0
0,3,0,26.0,0,0,7.8958,0,0,0,0,0,0,0,0,0,0,0,0,1,8.0
1,1,1,47.0,1,1,52.5542,0,0,0,0,0,1,0,0,0,0,0,0,1,53.0
0,1,0,33.0,0,0,5.0,0,0,0,1,0,0,0,0,0,0,0,0,1,5.0
0,3,0,47.0,0,0,9.0,0,0,0,0,0,0,0,0,0,0,0,0,1,9.0
1,2,1,28.0,1,0,24.0,0,0,0,0,0,0,0,0,0,0,1,0,0,24.0
1,3,1,15.0,0,0,7.225,0,1,0,0,0,0,0,0,0,0,1,0,0,7.0
0,3,0,20.0,0,0,9.8458,0,0,0,0,0,0,0,0,0,0,0,0,1,10.0
0,3,0,19.0,0,0,7.8958,0,0,0,0,0,0,0,0,0,0,0,0,1,8.0
0,3,0,29.952084517899863,0,0,7.8958,0,0,0,0,0,0,0,0,0,0,0,0,1,8.0
1,1,1,56.0,0,1,83.1583,0,0,0,0,1,0,0,0,0,0,1,0,0,83.0
1,2,1,25.0,0,1,26.0,0,0,0,0,0,0,0,0,0,0,0,0,1,26.0
0,3,0,33.0,0,0,7.8958,0,0,0,0,0,0,0,0,0,0,0,0,1,8.0
0,3,1,22.0,0,0,10.5167,0,1,0,0,0,0,0,0,0,0,0,0,1,11.0
0,2,0,28.0,0,0,10.5,0,0,0,0,0,0,0,0,0,0,0,0,1,10.0
0,3,0,25.0,0,0,7.05,0,0,0,0,0,0,0,0,0,0,0,0,1,7.0
0,3,1,39.0,0,5,29.125,0,0,0,0,0,0,0,0,0,0,0,1,0,29.0
0,2,0,27.0,0,0,13.0,0,0,0,0,0,0,0,0,0,0,0,0,1,13.0
1,1,1,19.0,0,0,30.0,0,1,0,1,0,0,0,0,0,0,0,0,1,30.0
0,3,1,18.135720247699616,1,2,23.45,0,1,0,0,0,0,0,0,0,0,0,0,1,23.0
1,1,0,26.0,0,0,30.0,0,0,0,0,1,0,0,0,0,0,1,0,0,30.0
0,3,0,32.0,0,0,7.75,0,0,0,0,0,0,0,0,0,0,0,1,0,8.0
